message,severity,attributes,tags,timestamp
Starting Container,info,"{""level"":""info""}","{""project"":""eb8a974a-cd68-4711-a015-cb65bcae5329"",""environment"":""79190613-21da-46b3-ab97-fe7f92da59db"",""service"":""6e144932-d9b9-406e-b6fa-b948cc653bb5"",""deployment"":""418dc926-ba67-4ef9-a054-4e0b1813633c"",""replica"":""47bb245d-d655-4ba6-994e-1cf669707eb4""}",2026-03-22T20:34:01.312065422Z
npm warn config production Use `--omit=dev` instead.,error,"{""level"":""error""}","{""project"":""eb8a974a-cd68-4711-a015-cb65bcae5329"",""environment"":""79190613-21da-46b3-ab97-fe7f92da59db"",""service"":""6e144932-d9b9-406e-b6fa-b948cc653bb5"",""deployment"":""418dc926-ba67-4ef9-a054-4e0b1813633c"",""replica"":""47bb245d-d655-4ba6-994e-1cf669707eb4""}",2026-03-22T20:34:02.190005607Z
,info,"{""level"":""info""}","{""project"":""eb8a974a-cd68-4711-a015-cb65bcae5329"",""environment"":""79190613-21da-46b3-ab97-fe7f92da59db"",""service"":""6e144932-d9b9-406e-b6fa-b948cc653bb5"",""deployment"":""418dc926-ba67-4ef9-a054-4e0b1813633c"",""replica"":""47bb245d-d655-4ba6-994e-1cf669707eb4""}",2026-03-22T20:34:02.190018367Z
node:internal/modules/cjs/loader:1386,error,"{""level"":""error""}","{""project"":""eb8a974a-cd68-4711-a015-cb65bcae5329"",""environment"":""79190613-21da-46b3-ab97-fe7f92da59db"",""service"":""6e144932-d9b9-406e-b6fa-b948cc653bb5"",""deployment"":""418dc926-ba67-4ef9-a054-4e0b1813633c"",""replica"":""47bb245d-d655-4ba6-994e-1cf669707eb4""}",2026-03-22T20:34:02.190026620Z
,info,"{""level"":""info""}","{""project"":""eb8a974a-cd68-4711-a015-cb65bcae5329"",""environment"":""79190613-21da-46b3-ab97-fe7f92da59db"",""service"":""6e144932-d9b9-406e-b6fa-b948cc653bb5"",""deployment"":""418dc926-ba67-4ef9-a054-4e0b1813633c"",""replica"":""47bb245d-d655-4ba6-994e-1cf669707eb4""}",2026-03-22T20:34:02.190029375Z
> prs-sor-bot@1.0.0 start,info,"{""level"":""info""}","{""project"":""eb8a974a-cd68-4711-a015-cb65bcae5329"",""environment"":""79190613-21da-46b3-ab97-fe7f92da59db"",""service"":""6e144932-d9b9-406e-b6fa-b948cc653bb5"",""deployment"":""418dc926-ba67-4ef9-a054-4e0b1813633c"",""replica"":""47bb245d-d655-4ba6-994e-1cf669707eb4""}",2026-03-22T20:34:02.190032718Z
  throw err;,error,"{""level"":""error""}","{""project"":""eb8a974a-cd68-4711-a015-cb65bcae5329"",""environment"":""79190613-21da-46b3-ab97-fe7f92da59db"",""service"":""6e144932-d9b9-406e-b6fa-b948cc653bb5"",""deployment"":""418dc926-ba67-4ef9-a054-4e0b1813633c"",""replica"":""47bb245d-d655-4ba6-994e-1cf669707eb4""}",2026-03-22T20:34:02.190035917Z
,error,"{""level"":""error""}","{""project"":""eb8a974a-cd68-4711-a015-cb65bcae5329"",""environment"":""79190613-21da-46b3-ab97-fe7f92da59db"",""service"":""6e144932-d9b9-406e-b6fa-b948cc653bb5"",""deployment"":""418dc926-ba67-4ef9-a054-4e0b1813633c"",""replica"":""47bb245d-d655-4ba6-994e-1cf669707eb4""}",2026-03-22T20:34:02.190042241Z
    at wrapModuleLoad (node:internal/modules/cjs/loader:237:24),error,"{""level"":""error""}","{""project"":""eb8a974a-cd68-4711-a015-cb65bcae5329"",""environment"":""79190613-21da-46b3-ab97-fe7f92da59db"",""service"":""6e144932-d9b9-406e-b6fa-b948cc653bb5"",""deployment"":""418dc926-ba67-4ef9-a054-4e0b1813633c"",""replica"":""47bb245d-d655-4ba6-994e-1cf669707eb4""}",2026-03-22T20:34:02.190043788Z
> node server.js,info,"{""level"":""info""}","{""project"":""eb8a974a-cd68-4711-a015-cb65bcae5329"",""environment"":""79190613-21da-46b3-ab97-fe7f92da59db"",""service"":""6e144932-d9b9-406e-b6fa-b948cc653bb5"",""deployment"":""418dc926-ba67-4ef9-a054-4e0b1813633c"",""replica"":""47bb245d-d655-4ba6-994e-1cf669707eb4""}",2026-03-22T20:34:02.190045119Z
  ^,error,"{""level"":""error""}","{""project"":""eb8a974a-cd68-4711-a015-cb65bcae5329"",""environment"":""79190613-21da-46b3-ab97-fe7f92da59db"",""service"":""6e144932-d9b9-406e-b6fa-b948cc653bb5"",""deployment"":""418dc926-ba67-4ef9-a054-4e0b1813633c"",""replica"":""47bb245d-d655-4ba6-994e-1cf669707eb4""}",2026-03-22T20:34:02.190045439Z
    at Function.executeUserEntryPoint [as runMain] (node:internal/modules/run_main:171:5),error,"{""level"":""error""}","{""project"":""eb8a974a-cd68-4711-a015-cb65bcae5329"",""environment"":""79190613-21da-46b3-ab97-fe7f92da59db"",""service"":""6e144932-d9b9-406e-b6fa-b948cc653bb5"",""deployment"":""418dc926-ba67-4ef9-a054-4e0b1813633c"",""replica"":""47bb245d-d655-4ba6-994e-1cf669707eb4""}",2026-03-22T20:34:02.190054054Z
Error: Cannot find module '/app/server.js',error,"{""level"":""error""}","{""project"":""eb8a974a-cd68-4711-a015-cb65bcae5329"",""environment"":""79190613-21da-46b3-ab97-fe7f92da59db"",""service"":""6e144932-d9b9-406e-b6fa-b948cc653bb5"",""deployment"":""418dc926-ba67-4ef9-a054-4e0b1813633c"",""replica"":""47bb245d-d655-4ba6-994e-1cf669707eb4""}",2026-03-22T20:34:02.190055320Z
    at resolveForCJSWithHooks (node:internal/modules/cjs/loader:1030:22),error,"{""level"":""error""}","{""project"":""eb8a974a-cd68-4711-a015-cb65bcae5329"",""environment"":""79190613-21da-46b3-ab97-fe7f92da59db"",""service"":""6e144932-d9b9-406e-b6fa-b948cc653bb5"",""deployment"":""418dc926-ba67-4ef9-a054-4e0b1813633c"",""replica"":""47bb245d-d655-4ba6-994e-1cf669707eb4""}",2026-03-22T20:34:02.190062226Z
    at Function._resolveFilename (node:internal/modules/cjs/loader:1383:15),error,"{""level"":""error""}","{""project"":""eb8a974a-cd68-4711-a015-cb65bcae5329"",""environment"":""79190613-21da-46b3-ab97-fe7f92da59db"",""service"":""6e144932-d9b9-406e-b6fa-b948cc653bb5"",""deployment"":""418dc926-ba67-4ef9-a054-4e0b1813633c"",""replica"":""47bb245d-d655-4ba6-994e-1cf669707eb4""}",2026-03-22T20:34:02.190063866Z
},error,"{""level"":""error""}","{""project"":""eb8a974a-cd68-4711-a015-cb65bcae5329"",""environment"":""79190613-21da-46b3-ab97-fe7f92da59db"",""service"":""6e144932-d9b9-406e-b6fa-b948cc653bb5"",""deployment"":""418dc926-ba67-4ef9-a054-4e0b1813633c"",""replica"":""47bb245d-d655-4ba6-994e-1cf669707eb4""}",2026-03-22T20:34:02.190068166Z
    at defaultResolveImpl (node:internal/modules/cjs/loader:1025:19),error,"{""level"":""error""}","{""project"":""eb8a974a-cd68-4711-a015-cb65bcae5329"",""environment"":""79190613-21da-46b3-ab97-fe7f92da59db"",""service"":""6e144932-d9b9-406e-b6fa-b948cc653bb5"",""deployment"":""418dc926-ba67-4ef9-a054-4e0b1813633c"",""replica"":""47bb245d-d655-4ba6-994e-1cf669707eb4""}",2026-03-22T20:34:02.190072788Z
    at Function._load (node:internal/modules/cjs/loader:1192:37),error,"{""level"":""error""}","{""project"":""eb8a974a-cd68-4711-a015-cb65bcae5329"",""environment"":""79190613-21da-46b3-ab97-fe7f92da59db"",""service"":""6e144932-d9b9-406e-b6fa-b948cc653bb5"",""deployment"":""418dc926-ba67-4ef9-a054-4e0b1813633c"",""replica"":""47bb245d-d655-4ba6-994e-1cf669707eb4""}",2026-03-22T20:34:02.190077004Z
,error,"{""level"":""error""}","{""project"":""eb8a974a-cd68-4711-a015-cb65bcae5329"",""environment"":""79190613-21da-46b3-ab97-fe7f92da59db"",""service"":""6e144932-d9b9-406e-b6fa-b948cc653bb5"",""deployment"":""418dc926-ba67-4ef9-a054-4e0b1813633c"",""replica"":""47bb245d-d655-4ba6-994e-1cf669707eb4""}",2026-03-22T20:34:02.190080004Z
    at node:internal/main/run_main_module:36:49 {,error,"{""level"":""error""}","{""project"":""eb8a974a-cd68-4711-a015-cb65bcae5329"",""environment"":""79190613-21da-46b3-ab97-fe7f92da59db"",""service"":""6e144932-d9b9-406e-b6fa-b948cc653bb5"",""deployment"":""418dc926-ba67-4ef9-a054-4e0b1813633c"",""replica"":""47bb245d-d655-4ba6-994e-1cf669707eb4""}",2026-03-22T20:34:02.190084944Z
    at TracingChannel.traceSync (node:diagnostics_channel:328:14),error,"{""level"":""error""}","{""project"":""eb8a974a-cd68-4711-a015-cb65bcae5329"",""environment"":""79190613-21da-46b3-ab97-fe7f92da59db"",""service"":""6e144932-d9b9-406e-b6fa-b948cc653bb5"",""deployment"":""418dc926-ba67-4ef9-a054-4e0b1813633c"",""replica"":""47bb245d-d655-4ba6-994e-1cf669707eb4""}",2026-03-22T20:34:02.190089735Z
Node.js v22.22.1,error,"{""level"":""error""}","{""project"":""eb8a974a-cd68-4711-a015-cb65bcae5329"",""environment"":""79190613-21da-46b3-ab97-fe7f92da59db"",""service"":""6e144932-d9b9-406e-b6fa-b948cc653bb5"",""deployment"":""418dc926-ba67-4ef9-a054-4e0b1813633c"",""replica"":""47bb245d-d655-4ba6-994e-1cf669707eb4""}",2026-03-22T20:34:02.190089857Z
npm warn config production Use `--omit=dev` instead.,error,"{""level"":""error""}","{""project"":""eb8a974a-cd68-4711-a015-cb65bcae5329"",""environment"":""79190613-21da-46b3-ab97-fe7f92da59db"",""service"":""6e144932-d9b9-406e-b6fa-b948cc653bb5"",""deployment"":""418dc926-ba67-4ef9-a054-4e0b1813633c"",""replica"":""47bb245d-d655-4ba6-994e-1cf669707eb4""}",2026-03-22T20:34:02.190099107Z
"  code: 'MODULE_NOT_FOUND',",error,"{""level"":""error""}","{""project"":""eb8a974a-cd68-4711-a015-cb65bcae5329"",""environment"":""79190613-21da-46b3-ab97-fe7f92da59db"",""service"":""6e144932-d9b9-406e-b6fa-b948cc653bb5"",""deployment"":""418dc926-ba67-4ef9-a054-4e0b1813633c"",""replica"":""47bb245d-d655-4ba6-994e-1cf669707eb4""}",2026-03-22T20:34:02.190099412Z
,info,"{""level"":""info""}","{""project"":""eb8a974a-cd68-4711-a015-cb65bcae5329"",""environment"":""79190613-21da-46b3-ab97-fe7f92da59db"",""service"":""6e144932-d9b9-406e-b6fa-b948cc653bb5"",""deployment"":""418dc926-ba67-4ef9-a054-4e0b1813633c"",""replica"":""47bb245d-d655-4ba6-994e-1cf669707eb4""}",2026-03-22T20:34:02.190108198Z
  requireStack: [],error,"{""level"":""error""}","{""project"":""eb8a974a-cd68-4711-a015-cb65bcae5329"",""environment"":""79190613-21da-46b3-ab97-fe7f92da59db"",""service"":""6e144932-d9b9-406e-b6fa-b948cc653bb5"",""deployment"":""418dc926-ba67-4ef9-a054-4e0b1813633c"",""replica"":""47bb245d-d655-4ba6-994e-1cf669707eb4""}",2026-03-22T20:34:02.190110172Z
> prs-sor-bot@1.0.0 start,info,"{""level"":""info""}","{""project"":""eb8a974a-cd68-4711-a015-cb65bcae5329"",""environment"":""79190613-21da-46b3-ab97-fe7f92da59db"",""service"":""6e144932-d9b9-406e-b6fa-b948cc653bb5"",""deployment"":""418dc926-ba67-4ef9-a054-4e0b1813633c"",""replica"":""47bb245d-d655-4ba6-994e-1cf669707eb4""}",2026-03-22T20:34:02.190115256Z
> node server.js,info,"{""level"":""info""}","{""project"":""eb8a974a-cd68-4711-a015-cb65bcae5329"",""environment"":""79190613-21da-46b3-ab97-fe7f92da59db"",""service"":""6e144932-d9b9-406e-b6fa-b948cc653bb5"",""deployment"":""418dc926-ba67-4ef9-a054-4e0b1813633c"",""replica"":""47bb245d-d655-4ba6-994e-1cf669707eb4""}",2026-03-22T20:34:02.190120412Z
Error: Cannot find module '/app/server.js',error,"{""level"":""error""}","{""project"":""eb8a974a-cd68-4711-a015-cb65bcae5329"",""environment"":""79190613-21da-46b3-ab97-fe7f92da59db"",""service"":""6e144932-d9b9-406e-b6fa-b948cc653bb5"",""deployment"":""418dc926-ba67-4ef9-a054-4e0b1813633c"",""replica"":""47bb245d-d655-4ba6-994e-1cf669707eb4""}",2026-03-22T20:34:02.190129665Z
    at node:internal/main/run_main_module:36:49 {,error,"{""level"":""error""}","{""project"":""eb8a974a-cd68-4711-a015-cb65bcae5329"",""environment"":""79190613-21da-46b3-ab97-fe7f92da59db"",""service"":""6e144932-d9b9-406e-b6fa-b948cc653bb5"",""deployment"":""418dc926-ba67-4ef9-a054-4e0b1813633c"",""replica"":""47bb245d-d655-4ba6-994e-1cf669707eb4""}",2026-03-22T20:34:02.190133283Z
    at Function._resolveFilename (node:internal/modules/cjs/loader:1383:15),error,"{""level"":""error""}","{""project"":""eb8a974a-cd68-4711-a015-cb65bcae5329"",""environment"":""79190613-21da-46b3-ab97-fe7f92da59db"",""service"":""6e144932-d9b9-406e-b6fa-b948cc653bb5"",""deployment"":""418dc926-ba67-4ef9-a054-4e0b1813633c"",""replica"":""47bb245d-d655-4ba6-994e-1cf669707eb4""}",2026-03-22T20:34:02.190142996Z
"  code: 'MODULE_NOT_FOUND',",error,"{""level"":""error""}","{""project"":""eb8a974a-cd68-4711-a015-cb65bcae5329"",""environment"":""79190613-21da-46b3-ab97-fe7f92da59db"",""service"":""6e144932-d9b9-406e-b6fa-b948cc653bb5"",""deployment"":""418dc926-ba67-4ef9-a054-4e0b1813633c"",""replica"":""47bb245d-d655-4ba6-994e-1cf669707eb4""}",2026-03-22T20:34:02.190143616Z
,info,"{""level"":""info""}","{""project"":""eb8a974a-cd68-4711-a015-cb65bcae5329"",""environment"":""79190613-21da-46b3-ab97-fe7f92da59db"",""service"":""6e144932-d9b9-406e-b6fa-b948cc653bb5"",""deployment"":""418dc926-ba67-4ef9-a054-4e0b1813633c"",""replica"":""47bb245d-d655-4ba6-994e-1cf669707eb4""}",2026-03-22T20:34:02.190145234Z
node:internal/modules/cjs/loader:1386,error,"{""level"":""error""}","{""project"":""eb8a974a-cd68-4711-a015-cb65bcae5329"",""environment"":""79190613-21da-46b3-ab97-fe7f92da59db"",""service"":""6e144932-d9b9-406e-b6fa-b948cc653bb5"",""deployment"":""418dc926-ba67-4ef9-a054-4e0b1813633c"",""replica"":""47bb245d-d655-4ba6-994e-1cf669707eb4""}",2026-03-22T20:34:02.190151822Z
    at defaultResolveImpl (node:internal/modules/cjs/loader:1025:19),error,"{""level"":""error""}","{""project"":""eb8a974a-cd68-4711-a015-cb65bcae5329"",""environment"":""79190613-21da-46b3-ab97-fe7f92da59db"",""service"":""6e144932-d9b9-406e-b6fa-b948cc653bb5"",""deployment"":""418dc926-ba67-4ef9-a054-4e0b1813633c"",""replica"":""47bb245d-d655-4ba6-994e-1cf669707eb4""}",2026-03-22T20:34:02.190152216Z
  requireStack: [],error,"{""level"":""error""}","{""project"":""eb8a974a-cd68-4711-a015-cb65bcae5329"",""environment"":""79190613-21da-46b3-ab97-fe7f92da59db"",""service"":""6e144932-d9b9-406e-b6fa-b948cc653bb5"",""deployment"":""418dc926-ba67-4ef9-a054-4e0b1813633c"",""replica"":""47bb245d-d655-4ba6-994e-1cf669707eb4""}",2026-03-22T20:34:02.190155051Z
  throw err;,error,"{""level"":""error""}","{""project"":""eb8a974a-cd68-4711-a015-cb65bcae5329"",""environment"":""79190613-21da-46b3-ab97-fe7f92da59db"",""service"":""6e144932-d9b9-406e-b6fa-b948cc653bb5"",""deployment"":""418dc926-ba67-4ef9-a054-4e0b1813633c"",""replica"":""47bb245d-d655-4ba6-994e-1cf669707eb4""}",2026-03-22T20:34:02.190158160Z
    at resolveForCJSWithHooks (node:internal/modules/cjs/loader:1030:22),error,"{""level"":""error""}","{""project"":""eb8a974a-cd68-4711-a015-cb65bcae5329"",""environment"":""79190613-21da-46b3-ab97-fe7f92da59db"",""service"":""6e144932-d9b9-406e-b6fa-b948cc653bb5"",""deployment"":""418dc926-ba67-4ef9-a054-4e0b1813633c"",""replica"":""47bb245d-d655-4ba6-994e-1cf669707eb4""}",2026-03-22T20:34:02.190162196Z
},error,"{""level"":""error""}","{""project"":""eb8a974a-cd68-4711-a015-cb65bcae5329"",""environment"":""79190613-21da-46b3-ab97-fe7f92da59db"",""service"":""6e144932-d9b9-406e-b6fa-b948cc653bb5"",""deployment"":""418dc926-ba67-4ef9-a054-4e0b1813633c"",""replica"":""47bb245d-d655-4ba6-994e-1cf669707eb4""}",2026-03-22T20:34:02.190165973Z
  ^,error,"{""level"":""error""}","{""project"":""eb8a974a-cd68-4711-a015-cb65bcae5329"",""environment"":""79190613-21da-46b3-ab97-fe7f92da59db"",""service"":""6e144932-d9b9-406e-b6fa-b948cc653bb5"",""deployment"":""418dc926-ba67-4ef9-a054-4e0b1813633c"",""replica"":""47bb245d-d655-4ba6-994e-1cf669707eb4""}",2026-03-22T20:34:02.190170106Z
    at Function._load (node:internal/modules/cjs/loader:1192:37),error,"{""level"":""error""}","{""project"":""eb8a974a-cd68-4711-a015-cb65bcae5329"",""environment"":""79190613-21da-46b3-ab97-fe7f92da59db"",""service"":""6e144932-d9b9-406e-b6fa-b948cc653bb5"",""deployment"":""418dc926-ba67-4ef9-a054-4e0b1813633c"",""replica"":""47bb245d-d655-4ba6-994e-1cf669707eb4""}",2026-03-22T20:34:02.190172217Z
,error,"{""level"":""error""}","{""project"":""eb8a974a-cd68-4711-a015-cb65bcae5329"",""environment"":""79190613-21da-46b3-ab97-fe7f92da59db"",""service"":""6e144932-d9b9-406e-b6fa-b948cc653bb5"",""deployment"":""418dc926-ba67-4ef9-a054-4e0b1813633c"",""replica"":""47bb245d-d655-4ba6-994e-1cf669707eb4""}",2026-03-22T20:34:02.190176565Z
,error,"{""level"":""error""}","{""project"":""eb8a974a-cd68-4711-a015-cb65bcae5329"",""environment"":""79190613-21da-46b3-ab97-fe7f92da59db"",""service"":""6e144932-d9b9-406e-b6fa-b948cc653bb5"",""deployment"":""418dc926-ba67-4ef9-a054-4e0b1813633c"",""replica"":""47bb245d-d655-4ba6-994e-1cf669707eb4""}",2026-03-22T20:34:02.190179838Z
    at TracingChannel.traceSync (node:diagnostics_channel:328:14),error,"{""level"":""error""}","{""project"":""eb8a974a-cd68-4711-a015-cb65bcae5329"",""environment"":""79190613-21da-46b3-ab97-fe7f92da59db"",""service"":""6e144932-d9b9-406e-b6fa-b948cc653bb5"",""deployment"":""418dc926-ba67-4ef9-a054-4e0b1813633c"",""replica"":""47bb245d-d655-4ba6-994e-1cf669707eb4""}",2026-03-22T20:34:02.190182006Z
Node.js v22.22.1,error,"{""level"":""error""}","{""project"":""eb8a974a-cd68-4711-a015-cb65bcae5329"",""environment"":""79190613-21da-46b3-ab97-fe7f92da59db"",""service"":""6e144932-d9b9-406e-b6fa-b948cc653bb5"",""deployment"":""418dc926-ba67-4ef9-a054-4e0b1813633c"",""replica"":""47bb245d-d655-4ba6-994e-1cf669707eb4""}",2026-03-22T20:34:02.190186719Z
    at wrapModuleLoad (node:internal/modules/cjs/loader:237:24),error,"{""level"":""error""}","{""project"":""eb8a974a-cd68-4711-a015-cb65bcae5329"",""environment"":""79190613-21da-46b3-ab97-fe7f92da59db"",""service"":""6e144932-d9b9-406e-b6fa-b948cc653bb5"",""deployment"":""418dc926-ba67-4ef9-a054-4e0b1813633c"",""replica"":""47bb245d-d655-4ba6-994e-1cf669707eb4""}",2026-03-22T20:34:02.190191165Z
    at Function.executeUserEntryPoint [as runMain] (node:internal/modules/run_main:171:5),error,"{""level"":""error""}","{""project"":""eb8a974a-cd68-4711-a015-cb65bcae5329"",""environment"":""79190613-21da-46b3-ab97-fe7f92da59db"",""service"":""6e144932-d9b9-406e-b6fa-b948cc653bb5"",""deployment"":""418dc926-ba67-4ef9-a054-4e0b1813633c"",""replica"":""47bb245d-d655-4ba6-994e-1cf669707eb4""}",2026-03-22T20:34:02.190196190Z
npm warn config production Use `--omit=dev` instead.,error,"{""level"":""error""}","{""project"":""eb8a974a-cd68-4711-a015-cb65bcae5329"",""environment"":""79190613-21da-46b3-ab97-fe7f92da59db"",""service"":""6e144932-d9b9-406e-b6fa-b948cc653bb5"",""deployment"":""418dc926-ba67-4ef9-a054-4e0b1813633c"",""replica"":""47bb245d-d655-4ba6-994e-1cf669707eb4""}",2026-03-22T20:34:02.828893146Z
,info,"{""level"":""info""}","{""project"":""eb8a974a-cd68-4711-a015-cb65bcae5329"",""environment"":""79190613-21da-46b3-ab97-fe7f92da59db"",""service"":""6e144932-d9b9-406e-b6fa-b948cc653bb5"",""deployment"":""418dc926-ba67-4ef9-a054-4e0b1813633c"",""replica"":""47bb245d-d655-4ba6-994e-1cf669707eb4""}",2026-03-22T20:34:02.851218566Z
> prs-sor-bot@1.0.0 start,info,"{""level"":""info""}","{""project"":""eb8a974a-cd68-4711-a015-cb65bcae5329"",""environment"":""79190613-21da-46b3-ab97-fe7f92da59db"",""service"":""6e144932-d9b9-406e-b6fa-b948cc653bb5"",""deployment"":""418dc926-ba67-4ef9-a054-4e0b1813633c"",""replica"":""47bb245d-d655-4ba6-994e-1cf669707eb4""}",2026-03-22T20:34:02.851228457Z
> node server.js,info,"{""level"":""info""}","{""project"":""eb8a974a-cd68-4711-a015-cb65bcae5329"",""environment"":""79190613-21da-46b3-ab97-fe7f92da59db"",""service"":""6e144932-d9b9-406e-b6fa-b948cc653bb5"",""deployment"":""418dc926-ba67-4ef9-a054-4e0b1813633c"",""replica"":""47bb245d-d655-4ba6-994e-1cf669707eb4""}",2026-03-22T20:34:02.851234437Z
,info,"{""level"":""info""}","{""project"":""eb8a974a-cd68-4711-a015-cb65bcae5329"",""environment"":""79190613-21da-46b3-ab97-fe7f92da59db"",""service"":""6e144932-d9b9-406e-b6fa-b948cc653bb5"",""deployment"":""418dc926-ba67-4ef9-a054-4e0b1813633c"",""replica"":""47bb245d-d655-4ba6-994e-1cf669707eb4""}",2026-03-22T20:34:02.851240299Z
node:internal/modules/cjs/loader:1386,error,"{""level"":""error""}","{""project"":""eb8a974a-cd68-4711-a015-cb65bcae5329"",""environment"":""79190613-21da-46b3-ab97-fe7f92da59db"",""service"":""6e144932-d9b9-406e-b6fa-b948cc653bb5"",""deployment"":""418dc926-ba67-4ef9-a054-4e0b1813633c"",""replica"":""47bb245d-d655-4ba6-994e-1cf669707eb4""}",2026-03-22T20:34:02.874381686Z
  throw err;,error,"{""level"":""error""}","{""project"":""eb8a974a-cd68-4711-a015-cb65bcae5329"",""environment"":""79190613-21da-46b3-ab97-fe7f92da59db"",""service"":""6e144932-d9b9-406e-b6fa-b948cc653bb5"",""deployment"":""418dc926-ba67-4ef9-a054-4e0b1813633c"",""replica"":""47bb245d-d655-4ba6-994e-1cf669707eb4""}",2026-03-22T20:34:02.874392491Z
  ^,error,"{""level"":""error""}","{""project"":""eb8a974a-cd68-4711-a015-cb65bcae5329"",""environment"":""79190613-21da-46b3-ab97-fe7f92da59db"",""service"":""6e144932-d9b9-406e-b6fa-b948cc653bb5"",""deployment"":""418dc926-ba67-4ef9-a054-4e0b1813633c"",""replica"":""47bb245d-d655-4ba6-994e-1cf669707eb4""}",2026-03-22T20:34:02.874401573Z
,error,"{""level"":""error""}","{""project"":""eb8a974a-cd68-4711-a015-cb65bcae5329"",""environment"":""79190613-21da-46b3-ab97-fe7f92da59db"",""service"":""6e144932-d9b9-406e-b6fa-b948cc653bb5"",""deployment"":""418dc926-ba67-4ef9-a054-4e0b1813633c"",""replica"":""47bb245d-d655-4ba6-994e-1cf669707eb4""}",2026-03-22T20:34:02.874409566Z
Error: Cannot find module '/app/server.js',error,"{""level"":""error""}","{""project"":""eb8a974a-cd68-4711-a015-cb65bcae5329"",""environment"":""79190613-21da-46b3-ab97-fe7f92da59db"",""service"":""6e144932-d9b9-406e-b6fa-b948cc653bb5"",""deployment"":""418dc926-ba67-4ef9-a054-4e0b1813633c"",""replica"":""47bb245d-d655-4ba6-994e-1cf669707eb4""}",2026-03-22T20:34:02.874417734Z
    at Function._resolveFilename (node:internal/modules/cjs/loader:1383:15),error,"{""level"":""error""}","{""project"":""eb8a974a-cd68-4711-a015-cb65bcae5329"",""environment"":""79190613-21da-46b3-ab97-fe7f92da59db"",""service"":""6e144932-d9b9-406e-b6fa-b948cc653bb5"",""deployment"":""418dc926-ba67-4ef9-a054-4e0b1813633c"",""replica"":""47bb245d-d655-4ba6-994e-1cf669707eb4""}",2026-03-22T20:34:02.874424793Z
    at defaultResolveImpl (node:internal/modules/cjs/loader:1025:19),error,"{""level"":""error""}","{""project"":""eb8a974a-cd68-4711-a015-cb65bcae5329"",""environment"":""79190613-21da-46b3-ab97-fe7f92da59db"",""service"":""6e144932-d9b9-406e-b6fa-b948cc653bb5"",""deployment"":""418dc926-ba67-4ef9-a054-4e0b1813633c"",""replica"":""47bb245d-d655-4ba6-994e-1cf669707eb4""}",2026-03-22T20:34:02.874430746Z
    at resolveForCJSWithHooks (node:internal/modules/cjs/loader:1030:22),error,"{""level"":""error""}","{""project"":""eb8a974a-cd68-4711-a015-cb65bcae5329"",""environment"":""79190613-21da-46b3-ab97-fe7f92da59db"",""service"":""6e144932-d9b9-406e-b6fa-b948cc653bb5"",""deployment"":""418dc926-ba67-4ef9-a054-4e0b1813633c"",""replica"":""47bb245d-d655-4ba6-994e-1cf669707eb4""}",2026-03-22T20:34:02.874436008Z
    at Function._load (node:internal/modules/cjs/loader:1192:37),error,"{""level"":""error""}","{""project"":""eb8a974a-cd68-4711-a015-cb65bcae5329"",""environment"":""79190613-21da-46b3-ab97-fe7f92da59db"",""service"":""6e144932-d9b9-406e-b6fa-b948cc653bb5"",""deployment"":""418dc926-ba67-4ef9-a054-4e0b1813633c"",""replica"":""47bb245d-d655-4ba6-994e-1cf669707eb4""}",2026-03-22T20:34:02.874441153Z
    at TracingChannel.traceSync (node:diagnostics_channel:328:14),error,"{""level"":""error""}","{""project"":""eb8a974a-cd68-4711-a015-cb65bcae5329"",""environment"":""79190613-21da-46b3-ab97-fe7f92da59db"",""service"":""6e144932-d9b9-406e-b6fa-b948cc653bb5"",""deployment"":""418dc926-ba67-4ef9-a054-4e0b1813633c"",""replica"":""47bb245d-d655-4ba6-994e-1cf669707eb4""}",2026-03-22T20:34:02.874447866Z
    at wrapModuleLoad (node:internal/modules/cjs/loader:237:24),error,"{""level"":""error""}","{""project"":""eb8a974a-cd68-4711-a015-cb65bcae5329"",""environment"":""79190613-21da-46b3-ab97-fe7f92da59db"",""service"":""6e144932-d9b9-406e-b6fa-b948cc653bb5"",""deployment"":""418dc926-ba67-4ef9-a054-4e0b1813633c"",""replica"":""47bb245d-d655-4ba6-994e-1cf669707eb4""}",2026-03-22T20:34:02.874454650Z
    at Function.executeUserEntryPoint [as runMain] (node:internal/modules/run_main:171:5),error,"{""level"":""error""}","{""project"":""eb8a974a-cd68-4711-a015-cb65bcae5329"",""environment"":""79190613-21da-46b3-ab97-fe7f92da59db"",""service"":""6e144932-d9b9-406e-b6fa-b948cc653bb5"",""deployment"":""418dc926-ba67-4ef9-a054-4e0b1813633c"",""replica"":""47bb245d-d655-4ba6-994e-1cf669707eb4""}",2026-03-22T20:34:02.874461087Z
    at node:internal/main/run_main_module:36:49 {,error,"{""level"":""error""}","{""project"":""eb8a974a-cd68-4711-a015-cb65bcae5329"",""environment"":""79190613-21da-46b3-ab97-fe7f92da59db"",""service"":""6e144932-d9b9-406e-b6fa-b948cc653bb5"",""deployment"":""418dc926-ba67-4ef9-a054-4e0b1813633c"",""replica"":""47bb245d-d655-4ba6-994e-1cf669707eb4""}",2026-03-22T20:34:02.874467269Z
"  code: 'MODULE_NOT_FOUND',",error,"{""level"":""error""}","{""project"":""eb8a974a-cd68-4711-a015-cb65bcae5329"",""environment"":""79190613-21da-46b3-ab97-fe7f92da59db"",""service"":""6e144932-d9b9-406e-b6fa-b948cc653bb5"",""deployment"":""418dc926-ba67-4ef9-a054-4e0b1813633c"",""replica"":""47bb245d-d655-4ba6-994e-1cf669707eb4""}",2026-03-22T20:34:02.874474916Z
  requireStack: [],error,"{""level"":""error""}","{""project"":""eb8a974a-cd68-4711-a015-cb65bcae5329"",""environment"":""79190613-21da-46b3-ab97-fe7f92da59db"",""service"":""6e144932-d9b9-406e-b6fa-b948cc653bb5"",""deployment"":""418dc926-ba67-4ef9-a054-4e0b1813633c"",""replica"":""47bb245d-d655-4ba6-994e-1cf669707eb4""}",2026-03-22T20:34:02.874481505Z
},error,"{""level"":""error""}","{""project"":""eb8a974a-cd68-4711-a015-cb65bcae5329"",""environment"":""79190613-21da-46b3-ab97-fe7f92da59db"",""service"":""6e144932-d9b9-406e-b6fa-b948cc653bb5"",""deployment"":""418dc926-ba67-4ef9-a054-4e0b1813633c"",""replica"":""47bb245d-d655-4ba6-994e-1cf669707eb4""}",2026-03-22T20:34:02.874488050Z
,error,"{""level"":""error""}","{""project"":""eb8a974a-cd68-4711-a015-cb65bcae5329"",""environment"":""79190613-21da-46b3-ab97-fe7f92da59db"",""service"":""6e144932-d9b9-406e-b6fa-b948cc653bb5"",""deployment"":""418dc926-ba67-4ef9-a054-4e0b1813633c"",""replica"":""47bb245d-d655-4ba6-994e-1cf669707eb4""}",2026-03-22T20:34:02.874494218Z
Node.js v22.22.1,error,"{""level"":""error""}","{""project"":""eb8a974a-cd68-4711-a015-cb65bcae5329"",""environment"":""79190613-21da-46b3-ab97-fe7f92da59db"",""service"":""6e144932-d9b9-406e-b6fa-b948cc653bb5"",""deployment"":""418dc926-ba67-4ef9-a054-4e0b1813633c"",""replica"":""47bb245d-d655-4ba6-994e-1cf669707eb4""}",2026-03-22T20:34:02.874501036Z
"  code: 'MODULE_NOT_FOUND',",error,"{""level"":""error""}","{""project"":""eb8a974a-cd68-4711-a015-cb65bcae5329"",""environment"":""79190613-21da-46b3-ab97-fe7f92da59db"",""service"":""6e144932-d9b9-406e-b6fa-b948cc653bb5"",""deployment"":""418dc926-ba67-4ef9-a054-4e0b1813633c"",""replica"":""47bb245d-d655-4ba6-994e-1cf669707eb4""}",2026-03-22T20:34:03.673924114Z
    at Function._load (node:internal/modules/cjs/loader:1192:37),error,"{""level"":""error""}","{""project"":""eb8a974a-cd68-4711-a015-cb65bcae5329"",""environment"":""79190613-21da-46b3-ab97-fe7f92da59db"",""service"":""6e144932-d9b9-406e-b6fa-b948cc653bb5"",""deployment"":""418dc926-ba67-4ef9-a054-4e0b1813633c"",""replica"":""47bb245d-d655-4ba6-994e-1cf669707eb4""}",2026-03-22T20:34:03.673933976Z
  requireStack: [],error,"{""level"":""error""}","{""project"":""eb8a974a-cd68-4711-a015-cb65bcae5329"",""environment"":""79190613-21da-46b3-ab97-fe7f92da59db"",""service"":""6e144932-d9b9-406e-b6fa-b948cc653bb5"",""deployment"":""418dc926-ba67-4ef9-a054-4e0b1813633c"",""replica"":""47bb245d-d655-4ba6-994e-1cf669707eb4""}",2026-03-22T20:34:03.673938044Z
npm warn config production Use `--omit=dev` instead.,error,"{""level"":""error""}","{""project"":""eb8a974a-cd68-4711-a015-cb65bcae5329"",""environment"":""79190613-21da-46b3-ab97-fe7f92da59db"",""service"":""6e144932-d9b9-406e-b6fa-b948cc653bb5"",""deployment"":""418dc926-ba67-4ef9-a054-4e0b1813633c"",""replica"":""47bb245d-d655-4ba6-994e-1cf669707eb4""}",2026-03-22T20:34:03.673940659Z
},error,"{""level"":""error""}","{""project"":""eb8a974a-cd68-4711-a015-cb65bcae5329"",""environment"":""79190613-21da-46b3-ab97-fe7f92da59db"",""service"":""6e144932-d9b9-406e-b6fa-b948cc653bb5"",""deployment"":""418dc926-ba67-4ef9-a054-4e0b1813633c"",""replica"":""47bb245d-d655-4ba6-994e-1cf669707eb4""}",2026-03-22T20:34:03.673949336Z
,info,"{""level"":""info""}","{""project"":""eb8a974a-cd68-4711-a015-cb65bcae5329"",""environment"":""79190613-21da-46b3-ab97-fe7f92da59db"",""service"":""6e144932-d9b9-406e-b6fa-b948cc653bb5"",""deployment"":""418dc926-ba67-4ef9-a054-4e0b1813633c"",""replica"":""47bb245d-d655-4ba6-994e-1cf669707eb4""}",2026-03-22T20:34:03.673949631Z
    at TracingChannel.traceSync (node:diagnostics_channel:328:14),error,"{""level"":""error""}","{""project"":""eb8a974a-cd68-4711-a015-cb65bcae5329"",""environment"":""79190613-21da-46b3-ab97-fe7f92da59db"",""service"":""6e144932-d9b9-406e-b6fa-b948cc653bb5"",""deployment"":""418dc926-ba67-4ef9-a054-4e0b1813633c"",""replica"":""47bb245d-d655-4ba6-994e-1cf669707eb4""}",2026-03-22T20:34:03.673952485Z
> prs-sor-bot@1.0.0 start,info,"{""level"":""info""}","{""project"":""eb8a974a-cd68-4711-a015-cb65bcae5329"",""environment"":""79190613-21da-46b3-ab97-fe7f92da59db"",""service"":""6e144932-d9b9-406e-b6fa-b948cc653bb5"",""deployment"":""418dc926-ba67-4ef9-a054-4e0b1813633c"",""replica"":""47bb245d-d655-4ba6-994e-1cf669707eb4""}",2026-03-22T20:34:03.673959345Z
,error,"{""level"":""error""}","{""project"":""eb8a974a-cd68-4711-a015-cb65bcae5329"",""environment"":""79190613-21da-46b3-ab97-fe7f92da59db"",""service"":""6e144932-d9b9-406e-b6fa-b948cc653bb5"",""deployment"":""418dc926-ba67-4ef9-a054-4e0b1813633c"",""replica"":""47bb245d-d655-4ba6-994e-1cf669707eb4""}",2026-03-22T20:34:03.673960401Z
    at wrapModuleLoad (node:internal/modules/cjs/loader:237:24),error,"{""level"":""error""}","{""project"":""eb8a974a-cd68-4711-a015-cb65bcae5329"",""environment"":""79190613-21da-46b3-ab97-fe7f92da59db"",""service"":""6e144932-d9b9-406e-b6fa-b948cc653bb5"",""deployment"":""418dc926-ba67-4ef9-a054-4e0b1813633c"",""replica"":""47bb245d-d655-4ba6-994e-1cf669707eb4""}",2026-03-22T20:34:03.673965232Z
Node.js v22.22.1,error,"{""level"":""error""}","{""project"":""eb8a974a-cd68-4711-a015-cb65bcae5329"",""environment"":""79190613-21da-46b3-ab97-fe7f92da59db"",""service"":""6e144932-d9b9-406e-b6fa-b948cc653bb5"",""deployment"":""418dc926-ba67-4ef9-a054-4e0b1813633c"",""replica"":""47bb245d-d655-4ba6-994e-1cf669707eb4""}",2026-03-22T20:34:03.673970380Z
> node server.js,info,"{""level"":""info""}","{""project"":""eb8a974a-cd68-4711-a015-cb65bcae5329"",""environment"":""79190613-21da-46b3-ab97-fe7f92da59db"",""service"":""6e144932-d9b9-406e-b6fa-b948cc653bb5"",""deployment"":""418dc926-ba67-4ef9-a054-4e0b1813633c"",""replica"":""47bb245d-d655-4ba6-994e-1cf669707eb4""}",2026-03-22T20:34:03.673971553Z
    at Function.executeUserEntryPoint [as runMain] (node:internal/modules/run_main:171:5),error,"{""level"":""error""}","{""project"":""eb8a974a-cd68-4711-a015-cb65bcae5329"",""environment"":""79190613-21da-46b3-ab97-fe7f92da59db"",""service"":""6e144932-d9b9-406e-b6fa-b948cc653bb5"",""deployment"":""418dc926-ba67-4ef9-a054-4e0b1813633c"",""replica"":""47bb245d-d655-4ba6-994e-1cf669707eb4""}",2026-03-22T20:34:03.673976635Z
,info,"{""level"":""info""}","{""project"":""eb8a974a-cd68-4711-a015-cb65bcae5329"",""environment"":""79190613-21da-46b3-ab97-fe7f92da59db"",""service"":""6e144932-d9b9-406e-b6fa-b948cc653bb5"",""deployment"":""418dc926-ba67-4ef9-a054-4e0b1813633c"",""replica"":""47bb245d-d655-4ba6-994e-1cf669707eb4""}",2026-03-22T20:34:03.673980088Z
    at node:internal/main/run_main_module:36:49 {,error,"{""level"":""error""}","{""project"":""eb8a974a-cd68-4711-a015-cb65bcae5329"",""environment"":""79190613-21da-46b3-ab97-fe7f92da59db"",""service"":""6e144932-d9b9-406e-b6fa-b948cc653bb5"",""deployment"":""418dc926-ba67-4ef9-a054-4e0b1813633c"",""replica"":""47bb245d-d655-4ba6-994e-1cf669707eb4""}",2026-03-22T20:34:03.673986256Z
node:internal/modules/cjs/loader:1386,error,"{""level"":""error""}","{""project"":""eb8a974a-cd68-4711-a015-cb65bcae5329"",""environment"":""79190613-21da-46b3-ab97-fe7f92da59db"",""service"":""6e144932-d9b9-406e-b6fa-b948cc653bb5"",""deployment"":""418dc926-ba67-4ef9-a054-4e0b1813633c"",""replica"":""47bb245d-d655-4ba6-994e-1cf669707eb4""}",2026-03-22T20:34:03.673987203Z
  throw err;,error,"{""level"":""error""}","{""project"":""eb8a974a-cd68-4711-a015-cb65bcae5329"",""environment"":""79190613-21da-46b3-ab97-fe7f92da59db"",""service"":""6e144932-d9b9-406e-b6fa-b948cc653bb5"",""deployment"":""418dc926-ba67-4ef9-a054-4e0b1813633c"",""replica"":""47bb245d-d655-4ba6-994e-1cf669707eb4""}",2026-03-22T20:34:03.673992660Z
  ^,error,"{""level"":""error""}","{""project"":""eb8a974a-cd68-4711-a015-cb65bcae5329"",""environment"":""79190613-21da-46b3-ab97-fe7f92da59db"",""service"":""6e144932-d9b9-406e-b6fa-b948cc653bb5"",""deployment"":""418dc926-ba67-4ef9-a054-4e0b1813633c"",""replica"":""47bb245d-d655-4ba6-994e-1cf669707eb4""}",2026-03-22T20:34:03.673997692Z
,error,"{""level"":""error""}","{""project"":""eb8a974a-cd68-4711-a015-cb65bcae5329"",""environment"":""79190613-21da-46b3-ab97-fe7f92da59db"",""service"":""6e144932-d9b9-406e-b6fa-b948cc653bb5"",""deployment"":""418dc926-ba67-4ef9-a054-4e0b1813633c"",""replica"":""47bb245d-d655-4ba6-994e-1cf669707eb4""}",2026-03-22T20:34:03.674002163Z
Error: Cannot find module '/app/server.js',error,"{""level"":""error""}","{""project"":""eb8a974a-cd68-4711-a015-cb65bcae5329"",""environment"":""79190613-21da-46b3-ab97-fe7f92da59db"",""service"":""6e144932-d9b9-406e-b6fa-b948cc653bb5"",""deployment"":""418dc926-ba67-4ef9-a054-4e0b1813633c"",""replica"":""47bb245d-d655-4ba6-994e-1cf669707eb4""}",2026-03-22T20:34:03.674006784Z
    at Function._resolveFilename (node:internal/modules/cjs/loader:1383:15),error,"{""level"":""error""}","{""project"":""eb8a974a-cd68-4711-a015-cb65bcae5329"",""environment"":""79190613-21da-46b3-ab97-fe7f92da59db"",""service"":""6e144932-d9b9-406e-b6fa-b948cc653bb5"",""deployment"":""418dc926-ba67-4ef9-a054-4e0b1813633c"",""replica"":""47bb245d-d655-4ba6-994e-1cf669707eb4""}",2026-03-22T20:34:03.674011756Z
    at defaultResolveImpl (node:internal/modules/cjs/loader:1025:19),error,"{""level"":""error""}","{""project"":""eb8a974a-cd68-4711-a015-cb65bcae5329"",""environment"":""79190613-21da-46b3-ab97-fe7f92da59db"",""service"":""6e144932-d9b9-406e-b6fa-b948cc653bb5"",""deployment"":""418dc926-ba67-4ef9-a054-4e0b1813633c"",""replica"":""47bb245d-d655-4ba6-994e-1cf669707eb4""}",2026-03-22T20:34:03.674016725Z
    at resolveForCJSWithHooks (node:internal/modules/cjs/loader:1030:22),error,"{""level"":""error""}","{""project"":""eb8a974a-cd68-4711-a015-cb65bcae5329"",""environment"":""79190613-21da-46b3-ab97-fe7f92da59db"",""service"":""6e144932-d9b9-406e-b6fa-b948cc653bb5"",""deployment"":""418dc926-ba67-4ef9-a054-4e0b1813633c"",""replica"":""47bb245d-d655-4ba6-994e-1cf669707eb4""}",2026-03-22T20:34:03.674021771Z
npm warn config production Use `--omit=dev` instead.,error,"{""level"":""error""}","{""project"":""eb8a974a-cd68-4711-a015-cb65bcae5329"",""environment"":""79190613-21da-46b3-ab97-fe7f92da59db"",""service"":""6e144932-d9b9-406e-b6fa-b948cc653bb5"",""deployment"":""418dc926-ba67-4ef9-a054-4e0b1813633c"",""replica"":""47bb245d-d655-4ba6-994e-1cf669707eb4""}",2026-03-22T20:34:04.322882122Z
,info,"{""level"":""info""}","{""project"":""eb8a974a-cd68-4711-a015-cb65bcae5329"",""environment"":""79190613-21da-46b3-ab97-fe7f92da59db"",""service"":""6e144932-d9b9-406e-b6fa-b948cc653bb5"",""deployment"":""418dc926-ba67-4ef9-a054-4e0b1813633c"",""replica"":""47bb245d-d655-4ba6-994e-1cf669707eb4""}",2026-03-22T20:34:04.348326696Z
> prs-sor-bot@1.0.0 start,info,"{""level"":""info""}","{""project"":""eb8a974a-cd68-4711-a015-cb65bcae5329"",""environment"":""79190613-21da-46b3-ab97-fe7f92da59db"",""service"":""6e144932-d9b9-406e-b6fa-b948cc653bb5"",""deployment"":""418dc926-ba67-4ef9-a054-4e0b1813633c"",""replica"":""47bb245d-d655-4ba6-994e-1cf669707eb4""}",2026-03-22T20:34:04.348333607Z
> node server.js,info,"{""level"":""info""}","{""project"":""eb8a974a-cd68-4711-a015-cb65bcae5329"",""environment"":""79190613-21da-46b3-ab97-fe7f92da59db"",""service"":""6e144932-d9b9-406e-b6fa-b948cc653bb5"",""deployment"":""418dc926-ba67-4ef9-a054-4e0b1813633c"",""replica"":""47bb245d-d655-4ba6-994e-1cf669707eb4""}",2026-03-22T20:34:04.348339038Z
,info,"{""level"":""info""}","{""project"":""eb8a974a-cd68-4711-a015-cb65bcae5329"",""environment"":""79190613-21da-46b3-ab97-fe7f92da59db"",""service"":""6e144932-d9b9-406e-b6fa-b948cc653bb5"",""deployment"":""418dc926-ba67-4ef9-a054-4e0b1813633c"",""replica"":""47bb245d-d655-4ba6-994e-1cf669707eb4""}",2026-03-22T20:34:04.348343432Z
    at wrapModuleLoad (node:internal/modules/cjs/loader:237:24),error,"{""level"":""error""}","{""project"":""eb8a974a-cd68-4711-a015-cb65bcae5329"",""environment"":""79190613-21da-46b3-ab97-fe7f92da59db"",""service"":""6e144932-d9b9-406e-b6fa-b948cc653bb5"",""deployment"":""418dc926-ba67-4ef9-a054-4e0b1813633c"",""replica"":""47bb245d-d655-4ba6-994e-1cf669707eb4""}",2026-03-22T20:34:04.372127338Z
node:internal/modules/cjs/loader:1386,error,"{""level"":""error""}","{""project"":""eb8a974a-cd68-4711-a015-cb65bcae5329"",""environment"":""79190613-21da-46b3-ab97-fe7f92da59db"",""service"":""6e144932-d9b9-406e-b6fa-b948cc653bb5"",""deployment"":""418dc926-ba67-4ef9-a054-4e0b1813633c"",""replica"":""47bb245d-d655-4ba6-994e-1cf669707eb4""}",2026-03-22T20:34:04.372136757Z
    at Function.executeUserEntryPoint [as runMain] (node:internal/modules/run_main:171:5),error,"{""level"":""error""}","{""project"":""eb8a974a-cd68-4711-a015-cb65bcae5329"",""environment"":""79190613-21da-46b3-ab97-fe7f92da59db"",""service"":""6e144932-d9b9-406e-b6fa-b948cc653bb5"",""deployment"":""418dc926-ba67-4ef9-a054-4e0b1813633c"",""replica"":""47bb245d-d655-4ba6-994e-1cf669707eb4""}",2026-03-22T20:34:04.372139755Z
    at node:internal/main/run_main_module:36:49 {,error,"{""level"":""error""}","{""project"":""eb8a974a-cd68-4711-a015-cb65bcae5329"",""environment"":""79190613-21da-46b3-ab97-fe7f92da59db"",""service"":""6e144932-d9b9-406e-b6fa-b948cc653bb5"",""deployment"":""418dc926-ba67-4ef9-a054-4e0b1813633c"",""replica"":""47bb245d-d655-4ba6-994e-1cf669707eb4""}",2026-03-22T20:34:04.372146693Z
"  code: 'MODULE_NOT_FOUND',",error,"{""level"":""error""}","{""project"":""eb8a974a-cd68-4711-a015-cb65bcae5329"",""environment"":""79190613-21da-46b3-ab97-fe7f92da59db"",""service"":""6e144932-d9b9-406e-b6fa-b948cc653bb5"",""deployment"":""418dc926-ba67-4ef9-a054-4e0b1813633c"",""replica"":""47bb245d-d655-4ba6-994e-1cf669707eb4""}",2026-03-22T20:34:04.372153541Z
  throw err;,error,"{""level"":""error""}","{""project"":""eb8a974a-cd68-4711-a015-cb65bcae5329"",""environment"":""79190613-21da-46b3-ab97-fe7f92da59db"",""service"":""6e144932-d9b9-406e-b6fa-b948cc653bb5"",""deployment"":""418dc926-ba67-4ef9-a054-4e0b1813633c"",""replica"":""47bb245d-d655-4ba6-994e-1cf669707eb4""}",2026-03-22T20:34:04.372155193Z
  requireStack: [],error,"{""level"":""error""}","{""project"":""eb8a974a-cd68-4711-a015-cb65bcae5329"",""environment"":""79190613-21da-46b3-ab97-fe7f92da59db"",""service"":""6e144932-d9b9-406e-b6fa-b948cc653bb5"",""deployment"":""418dc926-ba67-4ef9-a054-4e0b1813633c"",""replica"":""47bb245d-d655-4ba6-994e-1cf669707eb4""}",2026-03-22T20:34:04.372159627Z
},error,"{""level"":""error""}","{""project"":""eb8a974a-cd68-4711-a015-cb65bcae5329"",""environment"":""79190613-21da-46b3-ab97-fe7f92da59db"",""service"":""6e144932-d9b9-406e-b6fa-b948cc653bb5"",""deployment"":""418dc926-ba67-4ef9-a054-4e0b1813633c"",""replica"":""47bb245d-d655-4ba6-994e-1cf669707eb4""}",2026-03-22T20:34:04.372165961Z
  ^,error,"{""level"":""error""}","{""project"":""eb8a974a-cd68-4711-a015-cb65bcae5329"",""environment"":""79190613-21da-46b3-ab97-fe7f92da59db"",""service"":""6e144932-d9b9-406e-b6fa-b948cc653bb5"",""deployment"":""418dc926-ba67-4ef9-a054-4e0b1813633c"",""replica"":""47bb245d-d655-4ba6-994e-1cf669707eb4""}",2026-03-22T20:34:04.372168526Z
,error,"{""level"":""error""}","{""project"":""eb8a974a-cd68-4711-a015-cb65bcae5329"",""environment"":""79190613-21da-46b3-ab97-fe7f92da59db"",""service"":""6e144932-d9b9-406e-b6fa-b948cc653bb5"",""deployment"":""418dc926-ba67-4ef9-a054-4e0b1813633c"",""replica"":""47bb245d-d655-4ba6-994e-1cf669707eb4""}",2026-03-22T20:34:04.372173012Z
,error,"{""level"":""error""}","{""project"":""eb8a974a-cd68-4711-a015-cb65bcae5329"",""environment"":""79190613-21da-46b3-ab97-fe7f92da59db"",""service"":""6e144932-d9b9-406e-b6fa-b948cc653bb5"",""deployment"":""418dc926-ba67-4ef9-a054-4e0b1813633c"",""replica"":""47bb245d-d655-4ba6-994e-1cf669707eb4""}",2026-03-22T20:34:04.372178092Z
Node.js v22.22.1,error,"{""level"":""error""}","{""project"":""eb8a974a-cd68-4711-a015-cb65bcae5329"",""environment"":""79190613-21da-46b3-ab97-fe7f92da59db"",""service"":""6e144932-d9b9-406e-b6fa-b948cc653bb5"",""deployment"":""418dc926-ba67-4ef9-a054-4e0b1813633c"",""replica"":""47bb245d-d655-4ba6-994e-1cf669707eb4""}",2026-03-22T20:34:04.372185773Z
Error: Cannot find module '/app/server.js',error,"{""level"":""error""}","{""project"":""eb8a974a-cd68-4711-a015-cb65bcae5329"",""environment"":""79190613-21da-46b3-ab97-fe7f92da59db"",""service"":""6e144932-d9b9-406e-b6fa-b948cc653bb5"",""deployment"":""418dc926-ba67-4ef9-a054-4e0b1813633c"",""replica"":""47bb245d-d655-4ba6-994e-1cf669707eb4""}",2026-03-22T20:34:04.372188170Z
    at Function._resolveFilename (node:internal/modules/cjs/loader:1383:15),error,"{""level"":""error""}","{""project"":""eb8a974a-cd68-4711-a015-cb65bcae5329"",""environment"":""79190613-21da-46b3-ab97-fe7f92da59db"",""service"":""6e144932-d9b9-406e-b6fa-b948cc653bb5"",""deployment"":""418dc926-ba67-4ef9-a054-4e0b1813633c"",""replica"":""47bb245d-d655-4ba6-994e-1cf669707eb4""}",2026-03-22T20:34:04.372194646Z
    at defaultResolveImpl (node:internal/modules/cjs/loader:1025:19),error,"{""level"":""error""}","{""project"":""eb8a974a-cd68-4711-a015-cb65bcae5329"",""environment"":""79190613-21da-46b3-ab97-fe7f92da59db"",""service"":""6e144932-d9b9-406e-b6fa-b948cc653bb5"",""deployment"":""418dc926-ba67-4ef9-a054-4e0b1813633c"",""replica"":""47bb245d-d655-4ba6-994e-1cf669707eb4""}",2026-03-22T20:34:04.372205139Z
    at resolveForCJSWithHooks (node:internal/modules/cjs/loader:1030:22),error,"{""level"":""error""}","{""project"":""eb8a974a-cd68-4711-a015-cb65bcae5329"",""environment"":""79190613-21da-46b3-ab97-fe7f92da59db"",""service"":""6e144932-d9b9-406e-b6fa-b948cc653bb5"",""deployment"":""418dc926-ba67-4ef9-a054-4e0b1813633c"",""replica"":""47bb245d-d655-4ba6-994e-1cf669707eb4""}",2026-03-22T20:34:04.372211496Z
    at Function._load (node:internal/modules/cjs/loader:1192:37),error,"{""level"":""error""}","{""project"":""eb8a974a-cd68-4711-a015-cb65bcae5329"",""environment"":""79190613-21da-46b3-ab97-fe7f92da59db"",""service"":""6e144932-d9b9-406e-b6fa-b948cc653bb5"",""deployment"":""418dc926-ba67-4ef9-a054-4e0b1813633c"",""replica"":""47bb245d-d655-4ba6-994e-1cf669707eb4""}",2026-03-22T20:34:04.372217524Z
    at TracingChannel.traceSync (node:diagnostics_channel:328:14),error,"{""level"":""error""}","{""project"":""eb8a974a-cd68-4711-a015-cb65bcae5329"",""environment"":""79190613-21da-46b3-ab97-fe7f92da59db"",""service"":""6e144932-d9b9-406e-b6fa-b948cc653bb5"",""deployment"":""418dc926-ba67-4ef9-a054-4e0b1813633c"",""replica"":""47bb245d-d655-4ba6-994e-1cf669707eb4""}",2026-03-22T20:34:04.372224699Z
npm warn config production Use `--omit=dev` instead.,error,"{""level"":""error""}","{""project"":""eb8a974a-cd68-4711-a015-cb65bcae5329"",""environment"":""79190613-21da-46b3-ab97-fe7f92da59db"",""service"":""6e144932-d9b9-406e-b6fa-b948cc653bb5"",""deployment"":""418dc926-ba67-4ef9-a054-4e0b1813633c"",""replica"":""47bb245d-d655-4ba6-994e-1cf669707eb4""}",2026-03-22T20:34:05.230069723Z
,info,"{""level"":""info""}","{""project"":""eb8a974a-cd68-4711-a015-cb65bcae5329"",""environment"":""79190613-21da-46b3-ab97-fe7f92da59db"",""service"":""6e144932-d9b9-406e-b6fa-b948cc653bb5"",""deployment"":""418dc926-ba67-4ef9-a054-4e0b1813633c"",""replica"":""47bb245d-d655-4ba6-994e-1cf669707eb4""}",2026-03-22T20:34:05.252813589Z
> prs-sor-bot@1.0.0 start,info,"{""level"":""info""}","{""project"":""eb8a974a-cd68-4711-a015-cb65bcae5329"",""environment"":""79190613-21da-46b3-ab97-fe7f92da59db"",""service"":""6e144932-d9b9-406e-b6fa-b948cc653bb5"",""deployment"":""418dc926-ba67-4ef9-a054-4e0b1813633c"",""replica"":""47bb245d-d655-4ba6-994e-1cf669707eb4""}",2026-03-22T20:34:05.252820736Z
> node server.js,info,"{""level"":""info""}","{""project"":""eb8a974a-cd68-4711-a015-cb65bcae5329"",""environment"":""79190613-21da-46b3-ab97-fe7f92da59db"",""service"":""6e144932-d9b9-406e-b6fa-b948cc653bb5"",""deployment"":""418dc926-ba67-4ef9-a054-4e0b1813633c"",""replica"":""47bb245d-d655-4ba6-994e-1cf669707eb4""}",2026-03-22T20:34:05.252828339Z
,info,"{""level"":""info""}","{""project"":""eb8a974a-cd68-4711-a015-cb65bcae5329"",""environment"":""79190613-21da-46b3-ab97-fe7f92da59db"",""service"":""6e144932-d9b9-406e-b6fa-b948cc653bb5"",""deployment"":""418dc926-ba67-4ef9-a054-4e0b1813633c"",""replica"":""47bb245d-d655-4ba6-994e-1cf669707eb4""}",2026-03-22T20:34:05.252833212Z
    at Function._load (node:internal/modules/cjs/loader:1192:37),error,"{""level"":""error""}","{""project"":""eb8a974a-cd68-4711-a015-cb65bcae5329"",""environment"":""79190613-21da-46b3-ab97-fe7f92da59db"",""service"":""6e144932-d9b9-406e-b6fa-b948cc653bb5"",""deployment"":""418dc926-ba67-4ef9-a054-4e0b1813633c"",""replica"":""47bb245d-d655-4ba6-994e-1cf669707eb4""}",2026-03-22T20:34:05.275798867Z
    at TracingChannel.traceSync (node:diagnostics_channel:328:14),error,"{""level"":""error""}","{""project"":""eb8a974a-cd68-4711-a015-cb65bcae5329"",""environment"":""79190613-21da-46b3-ab97-fe7f92da59db"",""service"":""6e144932-d9b9-406e-b6fa-b948cc653bb5"",""deployment"":""418dc926-ba67-4ef9-a054-4e0b1813633c"",""replica"":""47bb245d-d655-4ba6-994e-1cf669707eb4""}",2026-03-22T20:34:05.275811951Z
node:internal/modules/cjs/loader:1386,error,"{""level"":""error""}","{""project"":""eb8a974a-cd68-4711-a015-cb65bcae5329"",""environment"":""79190613-21da-46b3-ab97-fe7f92da59db"",""service"":""6e144932-d9b9-406e-b6fa-b948cc653bb5"",""deployment"":""418dc926-ba67-4ef9-a054-4e0b1813633c"",""replica"":""47bb245d-d655-4ba6-994e-1cf669707eb4""}",2026-03-22T20:34:05.275815482Z
    at wrapModuleLoad (node:internal/modules/cjs/loader:237:24),error,"{""level"":""error""}","{""project"":""eb8a974a-cd68-4711-a015-cb65bcae5329"",""environment"":""79190613-21da-46b3-ab97-fe7f92da59db"",""service"":""6e144932-d9b9-406e-b6fa-b948cc653bb5"",""deployment"":""418dc926-ba67-4ef9-a054-4e0b1813633c"",""replica"":""47bb245d-d655-4ba6-994e-1cf669707eb4""}",2026-03-22T20:34:05.275821277Z
  throw err;,error,"{""level"":""error""}","{""project"":""eb8a974a-cd68-4711-a015-cb65bcae5329"",""environment"":""79190613-21da-46b3-ab97-fe7f92da59db"",""service"":""6e144932-d9b9-406e-b6fa-b948cc653bb5"",""deployment"":""418dc926-ba67-4ef9-a054-4e0b1813633c"",""replica"":""47bb245d-d655-4ba6-994e-1cf669707eb4""}",2026-03-22T20:34:05.275827568Z
    at Function.executeUserEntryPoint [as runMain] (node:internal/modules/run_main:171:5),error,"{""level"":""error""}","{""project"":""eb8a974a-cd68-4711-a015-cb65bcae5329"",""environment"":""79190613-21da-46b3-ab97-fe7f92da59db"",""service"":""6e144932-d9b9-406e-b6fa-b948cc653bb5"",""deployment"":""418dc926-ba67-4ef9-a054-4e0b1813633c"",""replica"":""47bb245d-d655-4ba6-994e-1cf669707eb4""}",2026-03-22T20:34:05.275829419Z
  ^,error,"{""level"":""error""}","{""project"":""eb8a974a-cd68-4711-a015-cb65bcae5329"",""environment"":""79190613-21da-46b3-ab97-fe7f92da59db"",""service"":""6e144932-d9b9-406e-b6fa-b948cc653bb5"",""deployment"":""418dc926-ba67-4ef9-a054-4e0b1813633c"",""replica"":""47bb245d-d655-4ba6-994e-1cf669707eb4""}",2026-03-22T20:34:05.275835538Z
    at node:internal/main/run_main_module:36:49 {,error,"{""level"":""error""}","{""project"":""eb8a974a-cd68-4711-a015-cb65bcae5329"",""environment"":""79190613-21da-46b3-ab97-fe7f92da59db"",""service"":""6e144932-d9b9-406e-b6fa-b948cc653bb5"",""deployment"":""418dc926-ba67-4ef9-a054-4e0b1813633c"",""replica"":""47bb245d-d655-4ba6-994e-1cf669707eb4""}",2026-03-22T20:34:05.275838154Z
,error,"{""level"":""error""}","{""project"":""eb8a974a-cd68-4711-a015-cb65bcae5329"",""environment"":""79190613-21da-46b3-ab97-fe7f92da59db"",""service"":""6e144932-d9b9-406e-b6fa-b948cc653bb5"",""deployment"":""418dc926-ba67-4ef9-a054-4e0b1813633c"",""replica"":""47bb245d-d655-4ba6-994e-1cf669707eb4""}",2026-03-22T20:34:05.275841943Z
"  code: 'MODULE_NOT_FOUND',",error,"{""level"":""error""}","{""project"":""eb8a974a-cd68-4711-a015-cb65bcae5329"",""environment"":""79190613-21da-46b3-ab97-fe7f92da59db"",""service"":""6e144932-d9b9-406e-b6fa-b948cc653bb5"",""deployment"":""418dc926-ba67-4ef9-a054-4e0b1813633c"",""replica"":""47bb245d-d655-4ba6-994e-1cf669707eb4""}",2026-03-22T20:34:05.275847097Z
Error: Cannot find module '/app/server.js',error,"{""level"":""error""}","{""project"":""eb8a974a-cd68-4711-a015-cb65bcae5329"",""environment"":""79190613-21da-46b3-ab97-fe7f92da59db"",""service"":""6e144932-d9b9-406e-b6fa-b948cc653bb5"",""deployment"":""418dc926-ba67-4ef9-a054-4e0b1813633c"",""replica"":""47bb245d-d655-4ba6-994e-1cf669707eb4""}",2026-03-22T20:34:05.275848516Z
    at Function._resolveFilename (node:internal/modules/cjs/loader:1383:15),error,"{""level"":""error""}","{""project"":""eb8a974a-cd68-4711-a015-cb65bcae5329"",""environment"":""79190613-21da-46b3-ab97-fe7f92da59db"",""service"":""6e144932-d9b9-406e-b6fa-b948cc653bb5"",""deployment"":""418dc926-ba67-4ef9-a054-4e0b1813633c"",""replica"":""47bb245d-d655-4ba6-994e-1cf669707eb4""}",2026-03-22T20:34:05.275854691Z
  requireStack: [],error,"{""level"":""error""}","{""project"":""eb8a974a-cd68-4711-a015-cb65bcae5329"",""environment"":""79190613-21da-46b3-ab97-fe7f92da59db"",""service"":""6e144932-d9b9-406e-b6fa-b948cc653bb5"",""deployment"":""418dc926-ba67-4ef9-a054-4e0b1813633c"",""replica"":""47bb245d-d655-4ba6-994e-1cf669707eb4""}",2026-03-22T20:34:05.275856295Z
    at defaultResolveImpl (node:internal/modules/cjs/loader:1025:19),error,"{""level"":""error""}","{""project"":""eb8a974a-cd68-4711-a015-cb65bcae5329"",""environment"":""79190613-21da-46b3-ab97-fe7f92da59db"",""service"":""6e144932-d9b9-406e-b6fa-b948cc653bb5"",""deployment"":""418dc926-ba67-4ef9-a054-4e0b1813633c"",""replica"":""47bb245d-d655-4ba6-994e-1cf669707eb4""}",2026-03-22T20:34:05.275862281Z
},error,"{""level"":""error""}","{""project"":""eb8a974a-cd68-4711-a015-cb65bcae5329"",""environment"":""79190613-21da-46b3-ab97-fe7f92da59db"",""service"":""6e144932-d9b9-406e-b6fa-b948cc653bb5"",""deployment"":""418dc926-ba67-4ef9-a054-4e0b1813633c"",""replica"":""47bb245d-d655-4ba6-994e-1cf669707eb4""}",2026-03-22T20:34:05.275864945Z
    at resolveForCJSWithHooks (node:internal/modules/cjs/loader:1030:22),error,"{""level"":""error""}","{""project"":""eb8a974a-cd68-4711-a015-cb65bcae5329"",""environment"":""79190613-21da-46b3-ab97-fe7f92da59db"",""service"":""6e144932-d9b9-406e-b6fa-b948cc653bb5"",""deployment"":""418dc926-ba67-4ef9-a054-4e0b1813633c"",""replica"":""47bb245d-d655-4ba6-994e-1cf669707eb4""}",2026-03-22T20:34:05.275868497Z
,error,"{""level"":""error""}","{""project"":""eb8a974a-cd68-4711-a015-cb65bcae5329"",""environment"":""79190613-21da-46b3-ab97-fe7f92da59db"",""service"":""6e144932-d9b9-406e-b6fa-b948cc653bb5"",""deployment"":""418dc926-ba67-4ef9-a054-4e0b1813633c"",""replica"":""47bb245d-d655-4ba6-994e-1cf669707eb4""}",2026-03-22T20:34:05.275873667Z
Node.js v22.22.1,error,"{""level"":""error""}","{""project"":""eb8a974a-cd68-4711-a015-cb65bcae5329"",""environment"":""79190613-21da-46b3-ab97-fe7f92da59db"",""service"":""6e144932-d9b9-406e-b6fa-b948cc653bb5"",""deployment"":""418dc926-ba67-4ef9-a054-4e0b1813633c"",""replica"":""47bb245d-d655-4ba6-994e-1cf669707eb4""}",2026-03-22T20:34:05.275880933Z
npm warn config production Use `--omit=dev` instead.,error,"{""level"":""error""}","{""project"":""eb8a974a-cd68-4711-a015-cb65bcae5329"",""environment"":""79190613-21da-46b3-ab97-fe7f92da59db"",""service"":""6e144932-d9b9-406e-b6fa-b948cc653bb5"",""deployment"":""418dc926-ba67-4ef9-a054-4e0b1813633c"",""replica"":""47bb245d-d655-4ba6-994e-1cf669707eb4""}",2026-03-22T20:34:05.846212512Z
,info,"{""level"":""info""}","{""project"":""eb8a974a-cd68-4711-a015-cb65bcae5329"",""environment"":""79190613-21da-46b3-ab97-fe7f92da59db"",""service"":""6e144932-d9b9-406e-b6fa-b948cc653bb5"",""deployment"":""418dc926-ba67-4ef9-a054-4e0b1813633c"",""replica"":""47bb245d-d655-4ba6-994e-1cf669707eb4""}",2026-03-22T20:34:05.858422871Z
> prs-sor-bot@1.0.0 start,info,"{""level"":""info""}","{""project"":""eb8a974a-cd68-4711-a015-cb65bcae5329"",""environment"":""79190613-21da-46b3-ab97-fe7f92da59db"",""service"":""6e144932-d9b9-406e-b6fa-b948cc653bb5"",""deployment"":""418dc926-ba67-4ef9-a054-4e0b1813633c"",""replica"":""47bb245d-d655-4ba6-994e-1cf669707eb4""}",2026-03-22T20:34:05.858431512Z
> node server.js,info,"{""level"":""info""}","{""project"":""eb8a974a-cd68-4711-a015-cb65bcae5329"",""environment"":""79190613-21da-46b3-ab97-fe7f92da59db"",""service"":""6e144932-d9b9-406e-b6fa-b948cc653bb5"",""deployment"":""418dc926-ba67-4ef9-a054-4e0b1813633c"",""replica"":""47bb245d-d655-4ba6-994e-1cf669707eb4""}",2026-03-22T20:34:05.858437536Z
,info,"{""level"":""info""}","{""project"":""eb8a974a-cd68-4711-a015-cb65bcae5329"",""environment"":""79190613-21da-46b3-ab97-fe7f92da59db"",""service"":""6e144932-d9b9-406e-b6fa-b948cc653bb5"",""deployment"":""418dc926-ba67-4ef9-a054-4e0b1813633c"",""replica"":""47bb245d-d655-4ba6-994e-1cf669707eb4""}",2026-03-22T20:34:05.858444504Z
  requireStack: [],error,"{""level"":""error""}","{""project"":""eb8a974a-cd68-4711-a015-cb65bcae5329"",""environment"":""79190613-21da-46b3-ab97-fe7f92da59db"",""service"":""6e144932-d9b9-406e-b6fa-b948cc653bb5"",""deployment"":""418dc926-ba67-4ef9-a054-4e0b1813633c"",""replica"":""47bb245d-d655-4ba6-994e-1cf669707eb4""}",2026-03-22T20:34:05.883920766Z
},error,"{""level"":""error""}","{""project"":""eb8a974a-cd68-4711-a015-cb65bcae5329"",""environment"":""79190613-21da-46b3-ab97-fe7f92da59db"",""service"":""6e144932-d9b9-406e-b6fa-b948cc653bb5"",""deployment"":""418dc926-ba67-4ef9-a054-4e0b1813633c"",""replica"":""47bb245d-d655-4ba6-994e-1cf669707eb4""}",2026-03-22T20:34:05.883929975Z
,error,"{""level"":""error""}","{""project"":""eb8a974a-cd68-4711-a015-cb65bcae5329"",""environment"":""79190613-21da-46b3-ab97-fe7f92da59db"",""service"":""6e144932-d9b9-406e-b6fa-b948cc653bb5"",""deployment"":""418dc926-ba67-4ef9-a054-4e0b1813633c"",""replica"":""47bb245d-d655-4ba6-994e-1cf669707eb4""}",2026-03-22T20:34:05.883935779Z
Node.js v22.22.1,error,"{""level"":""error""}","{""project"":""eb8a974a-cd68-4711-a015-cb65bcae5329"",""environment"":""79190613-21da-46b3-ab97-fe7f92da59db"",""service"":""6e144932-d9b9-406e-b6fa-b948cc653bb5"",""deployment"":""418dc926-ba67-4ef9-a054-4e0b1813633c"",""replica"":""47bb245d-d655-4ba6-994e-1cf669707eb4""}",2026-03-22T20:34:05.883940615Z
node:internal/modules/cjs/loader:1386,error,"{""level"":""error""}","{""project"":""eb8a974a-cd68-4711-a015-cb65bcae5329"",""environment"":""79190613-21da-46b3-ab97-fe7f92da59db"",""service"":""6e144932-d9b9-406e-b6fa-b948cc653bb5"",""deployment"":""418dc926-ba67-4ef9-a054-4e0b1813633c"",""replica"":""47bb245d-d655-4ba6-994e-1cf669707eb4""}",2026-03-22T20:34:05.883962458Z
  throw err;,error,"{""level"":""error""}","{""project"":""eb8a974a-cd68-4711-a015-cb65bcae5329"",""environment"":""79190613-21da-46b3-ab97-fe7f92da59db"",""service"":""6e144932-d9b9-406e-b6fa-b948cc653bb5"",""deployment"":""418dc926-ba67-4ef9-a054-4e0b1813633c"",""replica"":""47bb245d-d655-4ba6-994e-1cf669707eb4""}",2026-03-22T20:34:05.883976211Z
  ^,error,"{""level"":""error""}","{""project"":""eb8a974a-cd68-4711-a015-cb65bcae5329"",""environment"":""79190613-21da-46b3-ab97-fe7f92da59db"",""service"":""6e144932-d9b9-406e-b6fa-b948cc653bb5"",""deployment"":""418dc926-ba67-4ef9-a054-4e0b1813633c"",""replica"":""47bb245d-d655-4ba6-994e-1cf669707eb4""}",2026-03-22T20:34:05.883983706Z
,error,"{""level"":""error""}","{""project"":""eb8a974a-cd68-4711-a015-cb65bcae5329"",""environment"":""79190613-21da-46b3-ab97-fe7f92da59db"",""service"":""6e144932-d9b9-406e-b6fa-b948cc653bb5"",""deployment"":""418dc926-ba67-4ef9-a054-4e0b1813633c"",""replica"":""47bb245d-d655-4ba6-994e-1cf669707eb4""}",2026-03-22T20:34:05.883991300Z
Error: Cannot find module '/app/server.js',error,"{""level"":""error""}","{""project"":""eb8a974a-cd68-4711-a015-cb65bcae5329"",""environment"":""79190613-21da-46b3-ab97-fe7f92da59db"",""service"":""6e144932-d9b9-406e-b6fa-b948cc653bb5"",""deployment"":""418dc926-ba67-4ef9-a054-4e0b1813633c"",""replica"":""47bb245d-d655-4ba6-994e-1cf669707eb4""}",2026-03-22T20:34:05.883999833Z
    at Function._resolveFilename (node:internal/modules/cjs/loader:1383:15),error,"{""level"":""error""}","{""project"":""eb8a974a-cd68-4711-a015-cb65bcae5329"",""environment"":""79190613-21da-46b3-ab97-fe7f92da59db"",""service"":""6e144932-d9b9-406e-b6fa-b948cc653bb5"",""deployment"":""418dc926-ba67-4ef9-a054-4e0b1813633c"",""replica"":""47bb245d-d655-4ba6-994e-1cf669707eb4""}",2026-03-22T20:34:05.884007205Z
    at defaultResolveImpl (node:internal/modules/cjs/loader:1025:19),error,"{""level"":""error""}","{""project"":""eb8a974a-cd68-4711-a015-cb65bcae5329"",""environment"":""79190613-21da-46b3-ab97-fe7f92da59db"",""service"":""6e144932-d9b9-406e-b6fa-b948cc653bb5"",""deployment"":""418dc926-ba67-4ef9-a054-4e0b1813633c"",""replica"":""47bb245d-d655-4ba6-994e-1cf669707eb4""}",2026-03-22T20:34:05.884013781Z
    at resolveForCJSWithHooks (node:internal/modules/cjs/loader:1030:22),error,"{""level"":""error""}","{""project"":""eb8a974a-cd68-4711-a015-cb65bcae5329"",""environment"":""79190613-21da-46b3-ab97-fe7f92da59db"",""service"":""6e144932-d9b9-406e-b6fa-b948cc653bb5"",""deployment"":""418dc926-ba67-4ef9-a054-4e0b1813633c"",""replica"":""47bb245d-d655-4ba6-994e-1cf669707eb4""}",2026-03-22T20:34:05.884020632Z
    at Function._load (node:internal/modules/cjs/loader:1192:37),error,"{""level"":""error""}","{""project"":""eb8a974a-cd68-4711-a015-cb65bcae5329"",""environment"":""79190613-21da-46b3-ab97-fe7f92da59db"",""service"":""6e144932-d9b9-406e-b6fa-b948cc653bb5"",""deployment"":""418dc926-ba67-4ef9-a054-4e0b1813633c"",""replica"":""47bb245d-d655-4ba6-994e-1cf669707eb4""}",2026-03-22T20:34:05.884027290Z
    at TracingChannel.traceSync (node:diagnostics_channel:328:14),error,"{""level"":""error""}","{""project"":""eb8a974a-cd68-4711-a015-cb65bcae5329"",""environment"":""79190613-21da-46b3-ab97-fe7f92da59db"",""service"":""6e144932-d9b9-406e-b6fa-b948cc653bb5"",""deployment"":""418dc926-ba67-4ef9-a054-4e0b1813633c"",""replica"":""47bb245d-d655-4ba6-994e-1cf669707eb4""}",2026-03-22T20:34:05.884034082Z
    at wrapModuleLoad (node:internal/modules/cjs/loader:237:24),error,"{""level"":""error""}","{""project"":""eb8a974a-cd68-4711-a015-cb65bcae5329"",""environment"":""79190613-21da-46b3-ab97-fe7f92da59db"",""service"":""6e144932-d9b9-406e-b6fa-b948cc653bb5"",""deployment"":""418dc926-ba67-4ef9-a054-4e0b1813633c"",""replica"":""47bb245d-d655-4ba6-994e-1cf669707eb4""}",2026-03-22T20:34:05.884041038Z
    at Function.executeUserEntryPoint [as runMain] (node:internal/modules/run_main:171:5),error,"{""level"":""error""}","{""project"":""eb8a974a-cd68-4711-a015-cb65bcae5329"",""environment"":""79190613-21da-46b3-ab97-fe7f92da59db"",""service"":""6e144932-d9b9-406e-b6fa-b948cc653bb5"",""deployment"":""418dc926-ba67-4ef9-a054-4e0b1813633c"",""replica"":""47bb245d-d655-4ba6-994e-1cf669707eb4""}",2026-03-22T20:34:05.884047247Z
    at node:internal/main/run_main_module:36:49 {,error,"{""level"":""error""}","{""project"":""eb8a974a-cd68-4711-a015-cb65bcae5329"",""environment"":""79190613-21da-46b3-ab97-fe7f92da59db"",""service"":""6e144932-d9b9-406e-b6fa-b948cc653bb5"",""deployment"":""418dc926-ba67-4ef9-a054-4e0b1813633c"",""replica"":""47bb245d-d655-4ba6-994e-1cf669707eb4""}",2026-03-22T20:34:05.884054629Z
"  code: 'MODULE_NOT_FOUND',",error,"{""level"":""error""}","{""project"":""eb8a974a-cd68-4711-a015-cb65bcae5329"",""environment"":""79190613-21da-46b3-ab97-fe7f92da59db"",""service"":""6e144932-d9b9-406e-b6fa-b948cc653bb5"",""deployment"":""418dc926-ba67-4ef9-a054-4e0b1813633c"",""replica"":""47bb245d-d655-4ba6-994e-1cf669707eb4""}",2026-03-22T20:34:05.884060418Z
npm warn config production Use `--omit=dev` instead.,error,"{""level"":""error""}","{""project"":""eb8a974a-cd68-4711-a015-cb65bcae5329"",""environment"":""79190613-21da-46b3-ab97-fe7f92da59db"",""service"":""6e144932-d9b9-406e-b6fa-b948cc653bb5"",""deployment"":""418dc926-ba67-4ef9-a054-4e0b1813633c"",""replica"":""47bb245d-d655-4ba6-994e-1cf669707eb4""}",2026-03-22T20:34:06.717098196Z
,info,"{""level"":""info""}","{""project"":""eb8a974a-cd68-4711-a015-cb65bcae5329"",""environment"":""79190613-21da-46b3-ab97-fe7f92da59db"",""service"":""6e144932-d9b9-406e-b6fa-b948cc653bb5"",""deployment"":""418dc926-ba67-4ef9-a054-4e0b1813633c"",""replica"":""47bb245d-d655-4ba6-994e-1cf669707eb4""}",2026-03-22T20:34:06.717102977Z
> prs-sor-bot@1.0.0 start,info,"{""level"":""info""}","{""project"":""eb8a974a-cd68-4711-a015-cb65bcae5329"",""environment"":""79190613-21da-46b3-ab97-fe7f92da59db"",""service"":""6e144932-d9b9-406e-b6fa-b948cc653bb5"",""deployment"":""418dc926-ba67-4ef9-a054-4e0b1813633c"",""replica"":""47bb245d-d655-4ba6-994e-1cf669707eb4""}",2026-03-22T20:34:06.717107957Z
> node server.js,info,"{""level"":""info""}","{""project"":""eb8a974a-cd68-4711-a015-cb65bcae5329"",""environment"":""79190613-21da-46b3-ab97-fe7f92da59db"",""service"":""6e144932-d9b9-406e-b6fa-b948cc653bb5"",""deployment"":""418dc926-ba67-4ef9-a054-4e0b1813633c"",""replica"":""47bb245d-d655-4ba6-994e-1cf669707eb4""}",2026-03-22T20:34:06.717112820Z
,info,"{""level"":""info""}","{""project"":""eb8a974a-cd68-4711-a015-cb65bcae5329"",""environment"":""79190613-21da-46b3-ab97-fe7f92da59db"",""service"":""6e144932-d9b9-406e-b6fa-b948cc653bb5"",""deployment"":""418dc926-ba67-4ef9-a054-4e0b1813633c"",""replica"":""47bb245d-d655-4ba6-994e-1cf669707eb4""}",2026-03-22T20:34:06.717120510Z
node:internal/modules/cjs/loader:1386,error,"{""level"":""error""}","{""project"":""eb8a974a-cd68-4711-a015-cb65bcae5329"",""environment"":""79190613-21da-46b3-ab97-fe7f92da59db"",""service"":""6e144932-d9b9-406e-b6fa-b948cc653bb5"",""deployment"":""418dc926-ba67-4ef9-a054-4e0b1813633c"",""replica"":""47bb245d-d655-4ba6-994e-1cf669707eb4""}",2026-03-22T20:34:06.729957437Z
,error,"{""level"":""error""}","{""project"":""eb8a974a-cd68-4711-a015-cb65bcae5329"",""environment"":""79190613-21da-46b3-ab97-fe7f92da59db"",""service"":""6e144932-d9b9-406e-b6fa-b948cc653bb5"",""deployment"":""418dc926-ba67-4ef9-a054-4e0b1813633c"",""replica"":""47bb245d-d655-4ba6-994e-1cf669707eb4""}",2026-03-22T20:34:06.729958929Z
  throw err;,error,"{""level"":""error""}","{""project"":""eb8a974a-cd68-4711-a015-cb65bcae5329"",""environment"":""79190613-21da-46b3-ab97-fe7f92da59db"",""service"":""6e144932-d9b9-406e-b6fa-b948cc653bb5"",""deployment"":""418dc926-ba67-4ef9-a054-4e0b1813633c"",""replica"":""47bb245d-d655-4ba6-994e-1cf669707eb4""}",2026-03-22T20:34:06.729965159Z
Node.js v22.22.1,error,"{""level"":""error""}","{""project"":""eb8a974a-cd68-4711-a015-cb65bcae5329"",""environment"":""79190613-21da-46b3-ab97-fe7f92da59db"",""service"":""6e144932-d9b9-406e-b6fa-b948cc653bb5"",""deployment"":""418dc926-ba67-4ef9-a054-4e0b1813633c"",""replica"":""47bb245d-d655-4ba6-994e-1cf669707eb4""}",2026-03-22T20:34:06.729970747Z
  ^,error,"{""level"":""error""}","{""project"":""eb8a974a-cd68-4711-a015-cb65bcae5329"",""environment"":""79190613-21da-46b3-ab97-fe7f92da59db"",""service"":""6e144932-d9b9-406e-b6fa-b948cc653bb5"",""deployment"":""418dc926-ba67-4ef9-a054-4e0b1813633c"",""replica"":""47bb245d-d655-4ba6-994e-1cf669707eb4""}",2026-03-22T20:34:06.729971653Z
,error,"{""level"":""error""}","{""project"":""eb8a974a-cd68-4711-a015-cb65bcae5329"",""environment"":""79190613-21da-46b3-ab97-fe7f92da59db"",""service"":""6e144932-d9b9-406e-b6fa-b948cc653bb5"",""deployment"":""418dc926-ba67-4ef9-a054-4e0b1813633c"",""replica"":""47bb245d-d655-4ba6-994e-1cf669707eb4""}",2026-03-22T20:34:06.729976561Z
Error: Cannot find module '/app/server.js',error,"{""level"":""error""}","{""project"":""eb8a974a-cd68-4711-a015-cb65bcae5329"",""environment"":""79190613-21da-46b3-ab97-fe7f92da59db"",""service"":""6e144932-d9b9-406e-b6fa-b948cc653bb5"",""deployment"":""418dc926-ba67-4ef9-a054-4e0b1813633c"",""replica"":""47bb245d-d655-4ba6-994e-1cf669707eb4""}",2026-03-22T20:34:06.729982448Z
    at Function._resolveFilename (node:internal/modules/cjs/loader:1383:15),error,"{""level"":""error""}","{""project"":""eb8a974a-cd68-4711-a015-cb65bcae5329"",""environment"":""79190613-21da-46b3-ab97-fe7f92da59db"",""service"":""6e144932-d9b9-406e-b6fa-b948cc653bb5"",""deployment"":""418dc926-ba67-4ef9-a054-4e0b1813633c"",""replica"":""47bb245d-d655-4ba6-994e-1cf669707eb4""}",2026-03-22T20:34:06.729989552Z
    at defaultResolveImpl (node:internal/modules/cjs/loader:1025:19),error,"{""level"":""error""}","{""project"":""eb8a974a-cd68-4711-a015-cb65bcae5329"",""environment"":""79190613-21da-46b3-ab97-fe7f92da59db"",""service"":""6e144932-d9b9-406e-b6fa-b948cc653bb5"",""deployment"":""418dc926-ba67-4ef9-a054-4e0b1813633c"",""replica"":""47bb245d-d655-4ba6-994e-1cf669707eb4""}",2026-03-22T20:34:06.729995109Z
    at resolveForCJSWithHooks (node:internal/modules/cjs/loader:1030:22),error,"{""level"":""error""}","{""project"":""eb8a974a-cd68-4711-a015-cb65bcae5329"",""environment"":""79190613-21da-46b3-ab97-fe7f92da59db"",""service"":""6e144932-d9b9-406e-b6fa-b948cc653bb5"",""deployment"":""418dc926-ba67-4ef9-a054-4e0b1813633c"",""replica"":""47bb245d-d655-4ba6-994e-1cf669707eb4""}",2026-03-22T20:34:06.730000472Z
    at Function._load (node:internal/modules/cjs/loader:1192:37),error,"{""level"":""error""}","{""project"":""eb8a974a-cd68-4711-a015-cb65bcae5329"",""environment"":""79190613-21da-46b3-ab97-fe7f92da59db"",""service"":""6e144932-d9b9-406e-b6fa-b948cc653bb5"",""deployment"":""418dc926-ba67-4ef9-a054-4e0b1813633c"",""replica"":""47bb245d-d655-4ba6-994e-1cf669707eb4""}",2026-03-22T20:34:06.730006892Z
    at TracingChannel.traceSync (node:diagnostics_channel:328:14),error,"{""level"":""error""}","{""project"":""eb8a974a-cd68-4711-a015-cb65bcae5329"",""environment"":""79190613-21da-46b3-ab97-fe7f92da59db"",""service"":""6e144932-d9b9-406e-b6fa-b948cc653bb5"",""deployment"":""418dc926-ba67-4ef9-a054-4e0b1813633c"",""replica"":""47bb245d-d655-4ba6-994e-1cf669707eb4""}",2026-03-22T20:34:06.730013327Z
    at wrapModuleLoad (node:internal/modules/cjs/loader:237:24),error,"{""level"":""error""}","{""project"":""eb8a974a-cd68-4711-a015-cb65bcae5329"",""environment"":""79190613-21da-46b3-ab97-fe7f92da59db"",""service"":""6e144932-d9b9-406e-b6fa-b948cc653bb5"",""deployment"":""418dc926-ba67-4ef9-a054-4e0b1813633c"",""replica"":""47bb245d-d655-4ba6-994e-1cf669707eb4""}",2026-03-22T20:34:06.730018646Z
    at Function.executeUserEntryPoint [as runMain] (node:internal/modules/run_main:171:5),error,"{""level"":""error""}","{""project"":""eb8a974a-cd68-4711-a015-cb65bcae5329"",""environment"":""79190613-21da-46b3-ab97-fe7f92da59db"",""service"":""6e144932-d9b9-406e-b6fa-b948cc653bb5"",""deployment"":""418dc926-ba67-4ef9-a054-4e0b1813633c"",""replica"":""47bb245d-d655-4ba6-994e-1cf669707eb4""}",2026-03-22T20:34:06.730023461Z
    at node:internal/main/run_main_module:36:49 {,error,"{""level"":""error""}","{""project"":""eb8a974a-cd68-4711-a015-cb65bcae5329"",""environment"":""79190613-21da-46b3-ab97-fe7f92da59db"",""service"":""6e144932-d9b9-406e-b6fa-b948cc653bb5"",""deployment"":""418dc926-ba67-4ef9-a054-4e0b1813633c"",""replica"":""47bb245d-d655-4ba6-994e-1cf669707eb4""}",2026-03-22T20:34:06.730027562Z
"  code: 'MODULE_NOT_FOUND',",error,"{""level"":""error""}","{""project"":""eb8a974a-cd68-4711-a015-cb65bcae5329"",""environment"":""79190613-21da-46b3-ab97-fe7f92da59db"",""service"":""6e144932-d9b9-406e-b6fa-b948cc653bb5"",""deployment"":""418dc926-ba67-4ef9-a054-4e0b1813633c"",""replica"":""47bb245d-d655-4ba6-994e-1cf669707eb4""}",2026-03-22T20:34:06.730031845Z
  requireStack: [],error,"{""level"":""error""}","{""project"":""eb8a974a-cd68-4711-a015-cb65bcae5329"",""environment"":""79190613-21da-46b3-ab97-fe7f92da59db"",""service"":""6e144932-d9b9-406e-b6fa-b948cc653bb5"",""deployment"":""418dc926-ba67-4ef9-a054-4e0b1813633c"",""replica"":""47bb245d-d655-4ba6-994e-1cf669707eb4""}",2026-03-22T20:34:06.730036464Z
},error,"{""level"":""error""}","{""project"":""eb8a974a-cd68-4711-a015-cb65bcae5329"",""environment"":""79190613-21da-46b3-ab97-fe7f92da59db"",""service"":""6e144932-d9b9-406e-b6fa-b948cc653bb5"",""deployment"":""418dc926-ba67-4ef9-a054-4e0b1813633c"",""replica"":""47bb245d-d655-4ba6-994e-1cf669707eb4""}",2026-03-22T20:34:06.730041313Z
    at TracingChannel.traceSync (node:diagnostics_channel:328:14),error,"{""level"":""error""}","{""project"":""eb8a974a-cd68-4711-a015-cb65bcae5329"",""environment"":""79190613-21da-46b3-ab97-fe7f92da59db"",""service"":""6e144932-d9b9-406e-b6fa-b948cc653bb5"",""deployment"":""418dc926-ba67-4ef9-a054-4e0b1813633c"",""replica"":""47bb245d-d655-4ba6-994e-1cf669707eb4""}",2026-03-22T20:34:07.519568574Z
    at wrapModuleLoad (node:internal/modules/cjs/loader:237:24),error,"{""level"":""error""}","{""project"":""eb8a974a-cd68-4711-a015-cb65bcae5329"",""environment"":""79190613-21da-46b3-ab97-fe7f92da59db"",""service"":""6e144932-d9b9-406e-b6fa-b948cc653bb5"",""deployment"":""418dc926-ba67-4ef9-a054-4e0b1813633c"",""replica"":""47bb245d-d655-4ba6-994e-1cf669707eb4""}",2026-03-22T20:34:07.519579245Z
    at Function.executeUserEntryPoint [as runMain] (node:internal/modules/run_main:171:5),error,"{""level"":""error""}","{""project"":""eb8a974a-cd68-4711-a015-cb65bcae5329"",""environment"":""79190613-21da-46b3-ab97-fe7f92da59db"",""service"":""6e144932-d9b9-406e-b6fa-b948cc653bb5"",""deployment"":""418dc926-ba67-4ef9-a054-4e0b1813633c"",""replica"":""47bb245d-d655-4ba6-994e-1cf669707eb4""}",2026-03-22T20:34:07.519585540Z
    at node:internal/main/run_main_module:36:49 {,error,"{""level"":""error""}","{""project"":""eb8a974a-cd68-4711-a015-cb65bcae5329"",""environment"":""79190613-21da-46b3-ab97-fe7f92da59db"",""service"":""6e144932-d9b9-406e-b6fa-b948cc653bb5"",""deployment"":""418dc926-ba67-4ef9-a054-4e0b1813633c"",""replica"":""47bb245d-d655-4ba6-994e-1cf669707eb4""}",2026-03-22T20:34:07.519591319Z
"  code: 'MODULE_NOT_FOUND',",error,"{""level"":""error""}","{""project"":""eb8a974a-cd68-4711-a015-cb65bcae5329"",""environment"":""79190613-21da-46b3-ab97-fe7f92da59db"",""service"":""6e144932-d9b9-406e-b6fa-b948cc653bb5"",""deployment"":""418dc926-ba67-4ef9-a054-4e0b1813633c"",""replica"":""47bb245d-d655-4ba6-994e-1cf669707eb4""}",2026-03-22T20:34:07.519596330Z
  requireStack: [],error,"{""level"":""error""}","{""project"":""eb8a974a-cd68-4711-a015-cb65bcae5329"",""environment"":""79190613-21da-46b3-ab97-fe7f92da59db"",""service"":""6e144932-d9b9-406e-b6fa-b948cc653bb5"",""deployment"":""418dc926-ba67-4ef9-a054-4e0b1813633c"",""replica"":""47bb245d-d655-4ba6-994e-1cf669707eb4""}",2026-03-22T20:34:07.519601335Z
},error,"{""level"":""error""}","{""project"":""eb8a974a-cd68-4711-a015-cb65bcae5329"",""environment"":""79190613-21da-46b3-ab97-fe7f92da59db"",""service"":""6e144932-d9b9-406e-b6fa-b948cc653bb5"",""deployment"":""418dc926-ba67-4ef9-a054-4e0b1813633c"",""replica"":""47bb245d-d655-4ba6-994e-1cf669707eb4""}",2026-03-22T20:34:07.519606126Z
,error,"{""level"":""error""}","{""project"":""eb8a974a-cd68-4711-a015-cb65bcae5329"",""environment"":""79190613-21da-46b3-ab97-fe7f92da59db"",""service"":""6e144932-d9b9-406e-b6fa-b948cc653bb5"",""deployment"":""418dc926-ba67-4ef9-a054-4e0b1813633c"",""replica"":""47bb245d-d655-4ba6-994e-1cf669707eb4""}",2026-03-22T20:34:07.519611390Z
Node.js v22.22.1,error,"{""level"":""error""}","{""project"":""eb8a974a-cd68-4711-a015-cb65bcae5329"",""environment"":""79190613-21da-46b3-ab97-fe7f92da59db"",""service"":""6e144932-d9b9-406e-b6fa-b948cc653bb5"",""deployment"":""418dc926-ba67-4ef9-a054-4e0b1813633c"",""replica"":""47bb245d-d655-4ba6-994e-1cf669707eb4""}",2026-03-22T20:34:07.519616367Z
npm warn config production Use `--omit=dev` instead.,error,"{""level"":""error""}","{""project"":""eb8a974a-cd68-4711-a015-cb65bcae5329"",""environment"":""79190613-21da-46b3-ab97-fe7f92da59db"",""service"":""6e144932-d9b9-406e-b6fa-b948cc653bb5"",""deployment"":""418dc926-ba67-4ef9-a054-4e0b1813633c"",""replica"":""47bb245d-d655-4ba6-994e-1cf669707eb4""}",2026-03-22T20:34:07.519621068Z
,info,"{""level"":""info""}","{""project"":""eb8a974a-cd68-4711-a015-cb65bcae5329"",""environment"":""79190613-21da-46b3-ab97-fe7f92da59db"",""service"":""6e144932-d9b9-406e-b6fa-b948cc653bb5"",""deployment"":""418dc926-ba67-4ef9-a054-4e0b1813633c"",""replica"":""47bb245d-d655-4ba6-994e-1cf669707eb4""}",2026-03-22T20:34:07.519627877Z
> prs-sor-bot@1.0.0 start,info,"{""level"":""info""}","{""project"":""eb8a974a-cd68-4711-a015-cb65bcae5329"",""environment"":""79190613-21da-46b3-ab97-fe7f92da59db"",""service"":""6e144932-d9b9-406e-b6fa-b948cc653bb5"",""deployment"":""418dc926-ba67-4ef9-a054-4e0b1813633c"",""replica"":""47bb245d-d655-4ba6-994e-1cf669707eb4""}",2026-03-22T20:34:07.519633818Z
> node server.js,info,"{""level"":""info""}","{""project"":""eb8a974a-cd68-4711-a015-cb65bcae5329"",""environment"":""79190613-21da-46b3-ab97-fe7f92da59db"",""service"":""6e144932-d9b9-406e-b6fa-b948cc653bb5"",""deployment"":""418dc926-ba67-4ef9-a054-4e0b1813633c"",""replica"":""47bb245d-d655-4ba6-994e-1cf669707eb4""}",2026-03-22T20:34:07.519640389Z
,info,"{""level"":""info""}","{""project"":""eb8a974a-cd68-4711-a015-cb65bcae5329"",""environment"":""79190613-21da-46b3-ab97-fe7f92da59db"",""service"":""6e144932-d9b9-406e-b6fa-b948cc653bb5"",""deployment"":""418dc926-ba67-4ef9-a054-4e0b1813633c"",""replica"":""47bb245d-d655-4ba6-994e-1cf669707eb4""}",2026-03-22T20:34:07.519645575Z
node:internal/modules/cjs/loader:1386,error,"{""level"":""error""}","{""project"":""eb8a974a-cd68-4711-a015-cb65bcae5329"",""environment"":""79190613-21da-46b3-ab97-fe7f92da59db"",""service"":""6e144932-d9b9-406e-b6fa-b948cc653bb5"",""deployment"":""418dc926-ba67-4ef9-a054-4e0b1813633c"",""replica"":""47bb245d-d655-4ba6-994e-1cf669707eb4""}",2026-03-22T20:34:07.519649774Z
  throw err;,error,"{""level"":""error""}","{""project"":""eb8a974a-cd68-4711-a015-cb65bcae5329"",""environment"":""79190613-21da-46b3-ab97-fe7f92da59db"",""service"":""6e144932-d9b9-406e-b6fa-b948cc653bb5"",""deployment"":""418dc926-ba67-4ef9-a054-4e0b1813633c"",""replica"":""47bb245d-d655-4ba6-994e-1cf669707eb4""}",2026-03-22T20:34:07.519654405Z
  ^,error,"{""level"":""error""}","{""project"":""eb8a974a-cd68-4711-a015-cb65bcae5329"",""environment"":""79190613-21da-46b3-ab97-fe7f92da59db"",""service"":""6e144932-d9b9-406e-b6fa-b948cc653bb5"",""deployment"":""418dc926-ba67-4ef9-a054-4e0b1813633c"",""replica"":""47bb245d-d655-4ba6-994e-1cf669707eb4""}",2026-03-22T20:34:07.519658267Z
,error,"{""level"":""error""}","{""project"":""eb8a974a-cd68-4711-a015-cb65bcae5329"",""environment"":""79190613-21da-46b3-ab97-fe7f92da59db"",""service"":""6e144932-d9b9-406e-b6fa-b948cc653bb5"",""deployment"":""418dc926-ba67-4ef9-a054-4e0b1813633c"",""replica"":""47bb245d-d655-4ba6-994e-1cf669707eb4""}",2026-03-22T20:34:07.519663310Z
Error: Cannot find module '/app/server.js',error,"{""level"":""error""}","{""project"":""eb8a974a-cd68-4711-a015-cb65bcae5329"",""environment"":""79190613-21da-46b3-ab97-fe7f92da59db"",""service"":""6e144932-d9b9-406e-b6fa-b948cc653bb5"",""deployment"":""418dc926-ba67-4ef9-a054-4e0b1813633c"",""replica"":""47bb245d-d655-4ba6-994e-1cf669707eb4""}",2026-03-22T20:34:07.519667972Z
    at Function._resolveFilename (node:internal/modules/cjs/loader:1383:15),error,"{""level"":""error""}","{""project"":""eb8a974a-cd68-4711-a015-cb65bcae5329"",""environment"":""79190613-21da-46b3-ab97-fe7f92da59db"",""service"":""6e144932-d9b9-406e-b6fa-b948cc653bb5"",""deployment"":""418dc926-ba67-4ef9-a054-4e0b1813633c"",""replica"":""47bb245d-d655-4ba6-994e-1cf669707eb4""}",2026-03-22T20:34:07.519676785Z
    at defaultResolveImpl (node:internal/modules/cjs/loader:1025:19),error,"{""level"":""error""}","{""project"":""eb8a974a-cd68-4711-a015-cb65bcae5329"",""environment"":""79190613-21da-46b3-ab97-fe7f92da59db"",""service"":""6e144932-d9b9-406e-b6fa-b948cc653bb5"",""deployment"":""418dc926-ba67-4ef9-a054-4e0b1813633c"",""replica"":""47bb245d-d655-4ba6-994e-1cf669707eb4""}",2026-03-22T20:34:07.519682500Z
    at resolveForCJSWithHooks (node:internal/modules/cjs/loader:1030:22),error,"{""level"":""error""}","{""project"":""eb8a974a-cd68-4711-a015-cb65bcae5329"",""environment"":""79190613-21da-46b3-ab97-fe7f92da59db"",""service"":""6e144932-d9b9-406e-b6fa-b948cc653bb5"",""deployment"":""418dc926-ba67-4ef9-a054-4e0b1813633c"",""replica"":""47bb245d-d655-4ba6-994e-1cf669707eb4""}",2026-03-22T20:34:07.519688615Z
    at Function._load (node:internal/modules/cjs/loader:1192:37),error,"{""level"":""error""}","{""project"":""eb8a974a-cd68-4711-a015-cb65bcae5329"",""environment"":""79190613-21da-46b3-ab97-fe7f92da59db"",""service"":""6e144932-d9b9-406e-b6fa-b948cc653bb5"",""deployment"":""418dc926-ba67-4ef9-a054-4e0b1813633c"",""replica"":""47bb245d-d655-4ba6-994e-1cf669707eb4""}",2026-03-22T20:34:07.519696680Z
    at defaultResolveImpl (node:internal/modules/cjs/loader:1025:19),error,"{""level"":""error""}","{""project"":""eb8a974a-cd68-4711-a015-cb65bcae5329"",""environment"":""79190613-21da-46b3-ab97-fe7f92da59db"",""service"":""6e144932-d9b9-406e-b6fa-b948cc653bb5"",""deployment"":""418dc926-ba67-4ef9-a054-4e0b1813633c"",""replica"":""47bb245d-d655-4ba6-994e-1cf669707eb4""}",2026-03-22T20:34:08.258391375Z
    at resolveForCJSWithHooks (node:internal/modules/cjs/loader:1030:22),error,"{""level"":""error""}","{""project"":""eb8a974a-cd68-4711-a015-cb65bcae5329"",""environment"":""79190613-21da-46b3-ab97-fe7f92da59db"",""service"":""6e144932-d9b9-406e-b6fa-b948cc653bb5"",""deployment"":""418dc926-ba67-4ef9-a054-4e0b1813633c"",""replica"":""47bb245d-d655-4ba6-994e-1cf669707eb4""}",2026-03-22T20:34:08.258401525Z
    at Function._load (node:internal/modules/cjs/loader:1192:37),error,"{""level"":""error""}","{""project"":""eb8a974a-cd68-4711-a015-cb65bcae5329"",""environment"":""79190613-21da-46b3-ab97-fe7f92da59db"",""service"":""6e144932-d9b9-406e-b6fa-b948cc653bb5"",""deployment"":""418dc926-ba67-4ef9-a054-4e0b1813633c"",""replica"":""47bb245d-d655-4ba6-994e-1cf669707eb4""}",2026-03-22T20:34:08.258406767Z
    at TracingChannel.traceSync (node:diagnostics_channel:328:14),error,"{""level"":""error""}","{""project"":""eb8a974a-cd68-4711-a015-cb65bcae5329"",""environment"":""79190613-21da-46b3-ab97-fe7f92da59db"",""service"":""6e144932-d9b9-406e-b6fa-b948cc653bb5"",""deployment"":""418dc926-ba67-4ef9-a054-4e0b1813633c"",""replica"":""47bb245d-d655-4ba6-994e-1cf669707eb4""}",2026-03-22T20:34:08.258411702Z
    at wrapModuleLoad (node:internal/modules/cjs/loader:237:24),error,"{""level"":""error""}","{""project"":""eb8a974a-cd68-4711-a015-cb65bcae5329"",""environment"":""79190613-21da-46b3-ab97-fe7f92da59db"",""service"":""6e144932-d9b9-406e-b6fa-b948cc653bb5"",""deployment"":""418dc926-ba67-4ef9-a054-4e0b1813633c"",""replica"":""47bb245d-d655-4ba6-994e-1cf669707eb4""}",2026-03-22T20:34:08.258417061Z
    at Function.executeUserEntryPoint [as runMain] (node:internal/modules/run_main:171:5),error,"{""level"":""error""}","{""project"":""eb8a974a-cd68-4711-a015-cb65bcae5329"",""environment"":""79190613-21da-46b3-ab97-fe7f92da59db"",""service"":""6e144932-d9b9-406e-b6fa-b948cc653bb5"",""deployment"":""418dc926-ba67-4ef9-a054-4e0b1813633c"",""replica"":""47bb245d-d655-4ba6-994e-1cf669707eb4""}",2026-03-22T20:34:08.258422510Z
    at node:internal/main/run_main_module:36:49 {,error,"{""level"":""error""}","{""project"":""eb8a974a-cd68-4711-a015-cb65bcae5329"",""environment"":""79190613-21da-46b3-ab97-fe7f92da59db"",""service"":""6e144932-d9b9-406e-b6fa-b948cc653bb5"",""deployment"":""418dc926-ba67-4ef9-a054-4e0b1813633c"",""replica"":""47bb245d-d655-4ba6-994e-1cf669707eb4""}",2026-03-22T20:34:08.258427294Z
"  code: 'MODULE_NOT_FOUND',",error,"{""level"":""error""}","{""project"":""eb8a974a-cd68-4711-a015-cb65bcae5329"",""environment"":""79190613-21da-46b3-ab97-fe7f92da59db"",""service"":""6e144932-d9b9-406e-b6fa-b948cc653bb5"",""deployment"":""418dc926-ba67-4ef9-a054-4e0b1813633c"",""replica"":""47bb245d-d655-4ba6-994e-1cf669707eb4""}",2026-03-22T20:34:08.258432409Z
  requireStack: [],error,"{""level"":""error""}","{""project"":""eb8a974a-cd68-4711-a015-cb65bcae5329"",""environment"":""79190613-21da-46b3-ab97-fe7f92da59db"",""service"":""6e144932-d9b9-406e-b6fa-b948cc653bb5"",""deployment"":""418dc926-ba67-4ef9-a054-4e0b1813633c"",""replica"":""47bb245d-d655-4ba6-994e-1cf669707eb4""}",2026-03-22T20:34:08.258436650Z
},error,"{""level"":""error""}","{""project"":""eb8a974a-cd68-4711-a015-cb65bcae5329"",""environment"":""79190613-21da-46b3-ab97-fe7f92da59db"",""service"":""6e144932-d9b9-406e-b6fa-b948cc653bb5"",""deployment"":""418dc926-ba67-4ef9-a054-4e0b1813633c"",""replica"":""47bb245d-d655-4ba6-994e-1cf669707eb4""}",2026-03-22T20:34:08.258442253Z
,error,"{""level"":""error""}","{""project"":""eb8a974a-cd68-4711-a015-cb65bcae5329"",""environment"":""79190613-21da-46b3-ab97-fe7f92da59db"",""service"":""6e144932-d9b9-406e-b6fa-b948cc653bb5"",""deployment"":""418dc926-ba67-4ef9-a054-4e0b1813633c"",""replica"":""47bb245d-d655-4ba6-994e-1cf669707eb4""}",2026-03-22T20:34:08.258448093Z
Node.js v22.22.1,error,"{""level"":""error""}","{""project"":""eb8a974a-cd68-4711-a015-cb65bcae5329"",""environment"":""79190613-21da-46b3-ab97-fe7f92da59db"",""service"":""6e144932-d9b9-406e-b6fa-b948cc653bb5"",""deployment"":""418dc926-ba67-4ef9-a054-4e0b1813633c"",""replica"":""47bb245d-d655-4ba6-994e-1cf669707eb4""}",2026-03-22T20:34:08.258453663Z
npm warn config production Use `--omit=dev` instead.,error,"{""level"":""error""}","{""project"":""eb8a974a-cd68-4711-a015-cb65bcae5329"",""environment"":""79190613-21da-46b3-ab97-fe7f92da59db"",""service"":""6e144932-d9b9-406e-b6fa-b948cc653bb5"",""deployment"":""418dc926-ba67-4ef9-a054-4e0b1813633c"",""replica"":""47bb245d-d655-4ba6-994e-1cf669707eb4""}",2026-03-22T20:34:08.258471145Z
,info,"{""level"":""info""}","{""project"":""eb8a974a-cd68-4711-a015-cb65bcae5329"",""environment"":""79190613-21da-46b3-ab97-fe7f92da59db"",""service"":""6e144932-d9b9-406e-b6fa-b948cc653bb5"",""deployment"":""418dc926-ba67-4ef9-a054-4e0b1813633c"",""replica"":""47bb245d-d655-4ba6-994e-1cf669707eb4""}",2026-03-22T20:34:08.258476975Z
> prs-sor-bot@1.0.0 start,info,"{""level"":""info""}","{""project"":""eb8a974a-cd68-4711-a015-cb65bcae5329"",""environment"":""79190613-21da-46b3-ab97-fe7f92da59db"",""service"":""6e144932-d9b9-406e-b6fa-b948cc653bb5"",""deployment"":""418dc926-ba67-4ef9-a054-4e0b1813633c"",""replica"":""47bb245d-d655-4ba6-994e-1cf669707eb4""}",2026-03-22T20:34:08.258482289Z
> node server.js,info,"{""level"":""info""}","{""project"":""eb8a974a-cd68-4711-a015-cb65bcae5329"",""environment"":""79190613-21da-46b3-ab97-fe7f92da59db"",""service"":""6e144932-d9b9-406e-b6fa-b948cc653bb5"",""deployment"":""418dc926-ba67-4ef9-a054-4e0b1813633c"",""replica"":""47bb245d-d655-4ba6-994e-1cf669707eb4""}",2026-03-22T20:34:08.258487733Z
,info,"{""level"":""info""}","{""project"":""eb8a974a-cd68-4711-a015-cb65bcae5329"",""environment"":""79190613-21da-46b3-ab97-fe7f92da59db"",""service"":""6e144932-d9b9-406e-b6fa-b948cc653bb5"",""deployment"":""418dc926-ba67-4ef9-a054-4e0b1813633c"",""replica"":""47bb245d-d655-4ba6-994e-1cf669707eb4""}",2026-03-22T20:34:08.258493486Z
node:internal/modules/cjs/loader:1386,error,"{""level"":""error""}","{""project"":""eb8a974a-cd68-4711-a015-cb65bcae5329"",""environment"":""79190613-21da-46b3-ab97-fe7f92da59db"",""service"":""6e144932-d9b9-406e-b6fa-b948cc653bb5"",""deployment"":""418dc926-ba67-4ef9-a054-4e0b1813633c"",""replica"":""47bb245d-d655-4ba6-994e-1cf669707eb4""}",2026-03-22T20:34:08.258499126Z
  throw err;,error,"{""level"":""error""}","{""project"":""eb8a974a-cd68-4711-a015-cb65bcae5329"",""environment"":""79190613-21da-46b3-ab97-fe7f92da59db"",""service"":""6e144932-d9b9-406e-b6fa-b948cc653bb5"",""deployment"":""418dc926-ba67-4ef9-a054-4e0b1813633c"",""replica"":""47bb245d-d655-4ba6-994e-1cf669707eb4""}",2026-03-22T20:34:08.258505480Z
  ^,error,"{""level"":""error""}","{""project"":""eb8a974a-cd68-4711-a015-cb65bcae5329"",""environment"":""79190613-21da-46b3-ab97-fe7f92da59db"",""service"":""6e144932-d9b9-406e-b6fa-b948cc653bb5"",""deployment"":""418dc926-ba67-4ef9-a054-4e0b1813633c"",""replica"":""47bb245d-d655-4ba6-994e-1cf669707eb4""}",2026-03-22T20:34:08.258510775Z
,error,"{""level"":""error""}","{""project"":""eb8a974a-cd68-4711-a015-cb65bcae5329"",""environment"":""79190613-21da-46b3-ab97-fe7f92da59db"",""service"":""6e144932-d9b9-406e-b6fa-b948cc653bb5"",""deployment"":""418dc926-ba67-4ef9-a054-4e0b1813633c"",""replica"":""47bb245d-d655-4ba6-994e-1cf669707eb4""}",2026-03-22T20:34:08.258517546Z
Error: Cannot find module '/app/server.js',error,"{""level"":""error""}","{""project"":""eb8a974a-cd68-4711-a015-cb65bcae5329"",""environment"":""79190613-21da-46b3-ab97-fe7f92da59db"",""service"":""6e144932-d9b9-406e-b6fa-b948cc653bb5"",""deployment"":""418dc926-ba67-4ef9-a054-4e0b1813633c"",""replica"":""47bb245d-d655-4ba6-994e-1cf669707eb4""}",2026-03-22T20:34:08.258523619Z
    at Function._resolveFilename (node:internal/modules/cjs/loader:1383:15),error,"{""level"":""error""}","{""project"":""eb8a974a-cd68-4711-a015-cb65bcae5329"",""environment"":""79190613-21da-46b3-ab97-fe7f92da59db"",""service"":""6e144932-d9b9-406e-b6fa-b948cc653bb5"",""deployment"":""418dc926-ba67-4ef9-a054-4e0b1813633c"",""replica"":""47bb245d-d655-4ba6-994e-1cf669707eb4""}",2026-03-22T20:34:08.258529736Z
    at TracingChannel.traceSync (node:diagnostics_channel:328:14),error,"{""level"":""error""}","{""project"":""eb8a974a-cd68-4711-a015-cb65bcae5329"",""environment"":""79190613-21da-46b3-ab97-fe7f92da59db"",""service"":""6e144932-d9b9-406e-b6fa-b948cc653bb5"",""deployment"":""418dc926-ba67-4ef9-a054-4e0b1813633c"",""replica"":""47bb245d-d655-4ba6-994e-1cf669707eb4""}",2026-03-22T20:34:08.972759891Z
,error,"{""level"":""error""}","{""project"":""eb8a974a-cd68-4711-a015-cb65bcae5329"",""environment"":""79190613-21da-46b3-ab97-fe7f92da59db"",""service"":""6e144932-d9b9-406e-b6fa-b948cc653bb5"",""deployment"":""418dc926-ba67-4ef9-a054-4e0b1813633c"",""replica"":""47bb245d-d655-4ba6-994e-1cf669707eb4""}",2026-03-22T20:34:08.972762929Z
    at wrapModuleLoad (node:internal/modules/cjs/loader:237:24),error,"{""level"":""error""}","{""project"":""eb8a974a-cd68-4711-a015-cb65bcae5329"",""environment"":""79190613-21da-46b3-ab97-fe7f92da59db"",""service"":""6e144932-d9b9-406e-b6fa-b948cc653bb5"",""deployment"":""418dc926-ba67-4ef9-a054-4e0b1813633c"",""replica"":""47bb245d-d655-4ba6-994e-1cf669707eb4""}",2026-03-22T20:34:08.972771287Z
Node.js v22.22.1,error,"{""level"":""error""}","{""project"":""eb8a974a-cd68-4711-a015-cb65bcae5329"",""environment"":""79190613-21da-46b3-ab97-fe7f92da59db"",""service"":""6e144932-d9b9-406e-b6fa-b948cc653bb5"",""deployment"":""418dc926-ba67-4ef9-a054-4e0b1813633c"",""replica"":""47bb245d-d655-4ba6-994e-1cf669707eb4""}",2026-03-22T20:34:08.972774919Z
    at Function.executeUserEntryPoint [as runMain] (node:internal/modules/run_main:171:5),error,"{""level"":""error""}","{""project"":""eb8a974a-cd68-4711-a015-cb65bcae5329"",""environment"":""79190613-21da-46b3-ab97-fe7f92da59db"",""service"":""6e144932-d9b9-406e-b6fa-b948cc653bb5"",""deployment"":""418dc926-ba67-4ef9-a054-4e0b1813633c"",""replica"":""47bb245d-d655-4ba6-994e-1cf669707eb4""}",2026-03-22T20:34:08.972779361Z
    at node:internal/main/run_main_module:36:49 {,error,"{""level"":""error""}","{""project"":""eb8a974a-cd68-4711-a015-cb65bcae5329"",""environment"":""79190613-21da-46b3-ab97-fe7f92da59db"",""service"":""6e144932-d9b9-406e-b6fa-b948cc653bb5"",""deployment"":""418dc926-ba67-4ef9-a054-4e0b1813633c"",""replica"":""47bb245d-d655-4ba6-994e-1cf669707eb4""}",2026-03-22T20:34:08.972787082Z
npm warn config production Use `--omit=dev` instead.,error,"{""level"":""error""}","{""project"":""eb8a974a-cd68-4711-a015-cb65bcae5329"",""environment"":""79190613-21da-46b3-ab97-fe7f92da59db"",""service"":""6e144932-d9b9-406e-b6fa-b948cc653bb5"",""deployment"":""418dc926-ba67-4ef9-a054-4e0b1813633c"",""replica"":""47bb245d-d655-4ba6-994e-1cf669707eb4""}",2026-03-22T20:34:08.972791866Z
"  code: 'MODULE_NOT_FOUND',",error,"{""level"":""error""}","{""project"":""eb8a974a-cd68-4711-a015-cb65bcae5329"",""environment"":""79190613-21da-46b3-ab97-fe7f92da59db"",""service"":""6e144932-d9b9-406e-b6fa-b948cc653bb5"",""deployment"":""418dc926-ba67-4ef9-a054-4e0b1813633c"",""replica"":""47bb245d-d655-4ba6-994e-1cf669707eb4""}",2026-03-22T20:34:08.972795845Z
  requireStack: [],error,"{""level"":""error""}","{""project"":""eb8a974a-cd68-4711-a015-cb65bcae5329"",""environment"":""79190613-21da-46b3-ab97-fe7f92da59db"",""service"":""6e144932-d9b9-406e-b6fa-b948cc653bb5"",""deployment"":""418dc926-ba67-4ef9-a054-4e0b1813633c"",""replica"":""47bb245d-d655-4ba6-994e-1cf669707eb4""}",2026-03-22T20:34:08.972803881Z
},error,"{""level"":""error""}","{""project"":""eb8a974a-cd68-4711-a015-cb65bcae5329"",""environment"":""79190613-21da-46b3-ab97-fe7f92da59db"",""service"":""6e144932-d9b9-406e-b6fa-b948cc653bb5"",""deployment"":""418dc926-ba67-4ef9-a054-4e0b1813633c"",""replica"":""47bb245d-d655-4ba6-994e-1cf669707eb4""}",2026-03-22T20:34:08.972812429Z
,info,"{""level"":""info""}","{""project"":""eb8a974a-cd68-4711-a015-cb65bcae5329"",""environment"":""79190613-21da-46b3-ab97-fe7f92da59db"",""service"":""6e144932-d9b9-406e-b6fa-b948cc653bb5"",""deployment"":""418dc926-ba67-4ef9-a054-4e0b1813633c"",""replica"":""47bb245d-d655-4ba6-994e-1cf669707eb4""}",2026-03-22T20:34:08.972814104Z
> prs-sor-bot@1.0.0 start,info,"{""level"":""info""}","{""project"":""eb8a974a-cd68-4711-a015-cb65bcae5329"",""environment"":""79190613-21da-46b3-ab97-fe7f92da59db"",""service"":""6e144932-d9b9-406e-b6fa-b948cc653bb5"",""deployment"":""418dc926-ba67-4ef9-a054-4e0b1813633c"",""replica"":""47bb245d-d655-4ba6-994e-1cf669707eb4""}",2026-03-22T20:34:08.972822706Z
> node server.js,info,"{""level"":""info""}","{""project"":""eb8a974a-cd68-4711-a015-cb65bcae5329"",""environment"":""79190613-21da-46b3-ab97-fe7f92da59db"",""service"":""6e144932-d9b9-406e-b6fa-b948cc653bb5"",""deployment"":""418dc926-ba67-4ef9-a054-4e0b1813633c"",""replica"":""47bb245d-d655-4ba6-994e-1cf669707eb4""}",2026-03-22T20:34:08.972830025Z
,info,"{""level"":""info""}","{""project"":""eb8a974a-cd68-4711-a015-cb65bcae5329"",""environment"":""79190613-21da-46b3-ab97-fe7f92da59db"",""service"":""6e144932-d9b9-406e-b6fa-b948cc653bb5"",""deployment"":""418dc926-ba67-4ef9-a054-4e0b1813633c"",""replica"":""47bb245d-d655-4ba6-994e-1cf669707eb4""}",2026-03-22T20:34:08.972837455Z
node:internal/modules/cjs/loader:1386,error,"{""level"":""error""}","{""project"":""eb8a974a-cd68-4711-a015-cb65bcae5329"",""environment"":""79190613-21da-46b3-ab97-fe7f92da59db"",""service"":""6e144932-d9b9-406e-b6fa-b948cc653bb5"",""deployment"":""418dc926-ba67-4ef9-a054-4e0b1813633c"",""replica"":""47bb245d-d655-4ba6-994e-1cf669707eb4""}",2026-03-22T20:34:08.972845013Z
  throw err;,error,"{""level"":""error""}","{""project"":""eb8a974a-cd68-4711-a015-cb65bcae5329"",""environment"":""79190613-21da-46b3-ab97-fe7f92da59db"",""service"":""6e144932-d9b9-406e-b6fa-b948cc653bb5"",""deployment"":""418dc926-ba67-4ef9-a054-4e0b1813633c"",""replica"":""47bb245d-d655-4ba6-994e-1cf669707eb4""}",2026-03-22T20:34:08.972851455Z
  ^,error,"{""level"":""error""}","{""project"":""eb8a974a-cd68-4711-a015-cb65bcae5329"",""environment"":""79190613-21da-46b3-ab97-fe7f92da59db"",""service"":""6e144932-d9b9-406e-b6fa-b948cc653bb5"",""deployment"":""418dc926-ba67-4ef9-a054-4e0b1813633c"",""replica"":""47bb245d-d655-4ba6-994e-1cf669707eb4""}",2026-03-22T20:34:08.972857654Z
,error,"{""level"":""error""}","{""project"":""eb8a974a-cd68-4711-a015-cb65bcae5329"",""environment"":""79190613-21da-46b3-ab97-fe7f92da59db"",""service"":""6e144932-d9b9-406e-b6fa-b948cc653bb5"",""deployment"":""418dc926-ba67-4ef9-a054-4e0b1813633c"",""replica"":""47bb245d-d655-4ba6-994e-1cf669707eb4""}",2026-03-22T20:34:08.972864283Z
Error: Cannot find module '/app/server.js',error,"{""level"":""error""}","{""project"":""eb8a974a-cd68-4711-a015-cb65bcae5329"",""environment"":""79190613-21da-46b3-ab97-fe7f92da59db"",""service"":""6e144932-d9b9-406e-b6fa-b948cc653bb5"",""deployment"":""418dc926-ba67-4ef9-a054-4e0b1813633c"",""replica"":""47bb245d-d655-4ba6-994e-1cf669707eb4""}",2026-03-22T20:34:08.972872638Z
    at Function._resolveFilename (node:internal/modules/cjs/loader:1383:15),error,"{""level"":""error""}","{""project"":""eb8a974a-cd68-4711-a015-cb65bcae5329"",""environment"":""79190613-21da-46b3-ab97-fe7f92da59db"",""service"":""6e144932-d9b9-406e-b6fa-b948cc653bb5"",""deployment"":""418dc926-ba67-4ef9-a054-4e0b1813633c"",""replica"":""47bb245d-d655-4ba6-994e-1cf669707eb4""}",2026-03-22T20:34:08.972878080Z
    at defaultResolveImpl (node:internal/modules/cjs/loader:1025:19),error,"{""level"":""error""}","{""project"":""eb8a974a-cd68-4711-a015-cb65bcae5329"",""environment"":""79190613-21da-46b3-ab97-fe7f92da59db"",""service"":""6e144932-d9b9-406e-b6fa-b948cc653bb5"",""deployment"":""418dc926-ba67-4ef9-a054-4e0b1813633c"",""replica"":""47bb245d-d655-4ba6-994e-1cf669707eb4""}",2026-03-22T20:34:08.972883856Z
    at resolveForCJSWithHooks (node:internal/modules/cjs/loader:1030:22),error,"{""level"":""error""}","{""project"":""eb8a974a-cd68-4711-a015-cb65bcae5329"",""environment"":""79190613-21da-46b3-ab97-fe7f92da59db"",""service"":""6e144932-d9b9-406e-b6fa-b948cc653bb5"",""deployment"":""418dc926-ba67-4ef9-a054-4e0b1813633c"",""replica"":""47bb245d-d655-4ba6-994e-1cf669707eb4""}",2026-03-22T20:34:08.972891817Z
    at Function._load (node:internal/modules/cjs/loader:1192:37),error,"{""level"":""error""}","{""project"":""eb8a974a-cd68-4711-a015-cb65bcae5329"",""environment"":""79190613-21da-46b3-ab97-fe7f92da59db"",""service"":""6e144932-d9b9-406e-b6fa-b948cc653bb5"",""deployment"":""418dc926-ba67-4ef9-a054-4e0b1813633c"",""replica"":""47bb245d-d655-4ba6-994e-1cf669707eb4""}",2026-03-22T20:34:08.972898003Z